stringId_A	stringId_B	preferredName_A	preferredName_B	ncbiTaxonId	score	nscore	fscore	pscore	ascore	escore	dscore	tscore
9606.ENSP00000201586	9606.ENSP00000353600	SULT2B1	SULT1A4	9606	0.518	0	0	0	0	0.478	0.0	0.116
9606.ENSP00000215980	9606.ENSP00000244537	CENPM	H4C6	9606	0.895	0	0	0	0	0.8	0.5	0.0
9606.ENSP00000216341	9606.ENSP00000398568	GZMB	PRF1	9606	0.986	0	0	0	0	0.292	0.0	0.982
9606.ENSP00000219271	9606.ENSP00000262768	MMP15	TIMP2	9606	0.403	0	0	0	0	0.342	0.0	0.13
9606.ENSP00000222553	9606.ENSP00000349967	NAMPT	CCRL2	9606	0.569	0	0	0	0	0.0	0.0	0.569
9606.ENSP00000227507	9606.ENSP00000360269	CCND1	TACSTD2	9606	0.412	0	0	0	0	0.0	0.0	0.413
9606.ENSP00000229135	9606.ENSP00000254301	IFNG	LGALS3	9606	0.631	0	0	0	0	0.0	0.0	0.631
9606.ENSP00000229135	9606.ENSP00000263341	IFNG	IL1B	9606	0.901	0	0	0	0	0.0	0.0	0.901
9606.ENSP00000229829	9606.ENSP00000364114	HLA-DOA	HLA-DRB5	9606	0.559	0	0	0	0	0.081	0.54	0.0
9606.ENSP00000229829	9606.ENSP00000379873	HLA-DOA	HLA-A	9606	0.9	0	0	0	0	0.0	0.9	0.0
9606.ENSP00000234389	9606.ENSP00000465103	GRIN3B	MXRA7	9606	0.551	0	0	0	0	0.551	0.0	0.0
9606.ENSP00000234389	9606.ENSP00000397026	GRIN3B	GRIK2	9606	0.551	0	0	0	0	0.0	0.54	0.065
9606.ENSP00000240618	9606.ENSP00000360916	KLRK1	VAV2	9606	0.499	0	0	0	0	0.0	0.5	0.0
9606.ENSP00000240618	9606.ENSP00000289902	KLRK1	FCER1G	9606	0.524	0	0	0	0	0.0	0.0	0.524
9606.ENSP00000240618	9606.ENSP00000338130	KLRK1	KLRD1	9606	0.777	0	0	0	0	0.0	0.4	0.644
9606.ENSP00000241125	9606.ENSP00000467201	GJA3	GJC1	9606	0.631	0	0	0	0	0.168	0.54	0.115
9606.ENSP00000244537	9606.ENSP00000291552	H4C6	U2AF1	9606	0.457	0	0	0	0	0.457	0.0	0.0
9606.ENSP00000244537	9606.ENSP00000356331	H4C6	NR5A2	9606	0.499	0	0	0	0	0.0	0.5	0.0
9606.ENSP00000244537	9606.ENSP00000445831	H4C6	H2BC18	9606	0.93	0	0	0	0	0.832	0.4	0.361
9606.ENSP00000244537	9606.ENSP00000366679	H4C6	H2AC12	9606	0.949	0	0	0	0	0.915	0.4	0.081
9606.ENSP00000244537	9606.ENSP00000328484	H4C6	H2AC14	9606	0.949	0	0	0	0	0.915	0.4	0.081
9606.ENSP00000244537	9606.ENSP00000289316	H4C6	H2BC5	9606	0.953	0	0	0	0	0.89	0.4	0.349
9606.ENSP00000244537	9606.ENSP00000351589	H4C6	H2AC13	9606	0.957	0	0	0	0	0.928	0.4	0.081
9606.ENSP00000244537	9606.ENSP00000332790	H4C6	H2AC21	9606	0.963	0	0	0	0	0.939	0.4	0.081
9606.ENSP00000244537	9606.ENSP00000477527	H4C6	H2BC17	9606	0.97	0	0	0	0	0.929	0.4	0.358
9606.ENSP00000244537	9606.ENSP00000482674	H4C6	H2BC3	9606	0.977	0	0	0	0	0.945	0.4	0.358
9606.ENSP00000244537	9606.ENSP00000476136	H4C6	H2BC11	9606	0.977	0	0	0	0	0.929	0.54	0.357
9606.ENSP00000244537	9606.ENSP00000477907	H4C6	H2BC14	9606	0.984	0	0	0	0	0.939	0.4	0.59
9606.ENSP00000244537	9606.ENSP00000349430	H4C6	H2BC12	9606	0.99	0	0	0	0	0.945	0.4	0.735
9606.ENSP00000244537	9606.ENSP00000303373	H4C6	H2AC8	9606	0.995	0	0	0	0	0.968	0.54	0.721
9606.ENSP00000244537	9606.ENSP00000352252	H4C6	H3C12	9606	0.999	0	0	0	0	0.965	0.8	0.97
9606.ENSP00000244537	9606.ENSP00000333277	H4C6	H3C13	9606	0.999	0	0	0	0	0.965	0.8	0.967
9606.ENSP00000254301	9606.ENSP00000474412	LGALS3	CCL5	9606	0.57	0	0	0	0	0.0	0.0	0.57
9606.ENSP00000254301	9606.ENSP00000331831	LGALS3	GAS6	9606	0.643	0	0	0	0	0.0	0.0	0.643
9606.ENSP00000254301	9606.ENSP00000295408	LGALS3	MERTK	9606	0.85	0	0	0	0	0.0	0.0	0.85
9606.ENSP00000254301	9606.ENSP00000308782	LGALS3	GP6	9606	0.968	0	0	0	0	0.0	0.0	0.968
9606.ENSP00000256593	9606.ENSP00000311469	GSTM5	GSTM1	9606	0.796	0	0	0	0	0.61	0.5	0.0
9606.ENSP00000257818	9606.ENSP00000345681	LMO2	GATA2	9606	0.992	0	0	0	0	0.292	0.5	0.981
9606.ENSP00000260950	9606.ENSP00000483552	MSTN	FURIN	9606	0.457	0	0	0	0	0.457	0.0	0.0
9606.ENSP00000261503	9606.ENSP00000401437	SPECC1	LDB3	9606	0.54	0	0	0	0	0.0	0.54	0.0
9606.ENSP00000261693	9606.ENSP00000361359	SCARB1	CD40	9606	0.41	0	0	0	0	0.0	0.0	0.411
9606.ENSP00000262406	9606.ENSP00000497260	RGS9	GNAI1	9606	0.598	0	0	0	0	0.164	0.5	0.116
9606.ENSP00000263341	9606.ENSP00000280357	IL1B	IL18	9606	0.484	0	0	0	0	0.312	0.0	0.281
9606.ENSP00000263341	9606.ENSP00000361359	IL1B	CD40	9606	0.637	0	0	0	0	0.0	0.0	0.637
9606.ENSP00000264187	9606.ENSP00000278407	NID1	SERPING1	9606	0.41	0	0	0	0	0.0	0.0	0.41
9606.ENSP00000264690	9606.ENSP00000356771	KLKB1	F5	9606	0.54	0	0	0	0	0.0	0.54	0.0
9606.ENSP00000264690	9606.ENSP00000321853	KLKB1	SERPINF2	9606	0.617	0	0	0	0	0.0	0.0	0.617
9606.ENSP00000264690	9606.ENSP00000278407	KLKB1	SERPING1	9606	0.972	0	0	0	0	0.0	0.7	0.913
9606.ENSP00000265709	9606.ENSP00000494684	ANK1	TMC1	9606	0.404	0	0	0	0	0.0	0.0	0.404
9606.ENSP00000265709	9606.ENSP00000352035	ANK1	KCNQ2	9606	0.502	0	0	0	0	0.0	0.5	0.046
9606.ENSP00000265709	9606.ENSP00000421180	ANK1	MAML3	9606	0.519	0	0	0	0	0.0	0.0	0.519
9606.ENSP00000289316	9606.ENSP00000476136	H2BC5	H2BC11	9606	0.4	0	0	0	0	0.0	0.4	0.0
9606.ENSP00000289316	9606.ENSP00000349430	H2BC5	H2BC12	9606	0.4	0	0	0	0	0.0	0.4	0.0
9606.ENSP00000289316	9606.ENSP00000328484	H2BC5	H2AC14	9606	0.439	0	0	0	0	0.072	0.4	0.074
9606.ENSP00000289316	9606.ENSP00000366679	H2BC5	H2AC12	9606	0.439	0	0	0	0	0.072	0.4	0.074
9606.ENSP00000289316	9606.ENSP00000356331	H2BC5	NR5A2	9606	0.499	0	0	0	0	0.0	0.5	0.0
9606.ENSP00000289316	9606.ENSP00000332790	H2BC5	H2AC21	9606	0.606	0	0	0	0	0.348	0.4	0.074
9606.ENSP00000289316	9606.ENSP00000351589	H2BC5	H2AC13	9606	0.618	0	0	0	0	0.072	0.4	0.369
9606.ENSP00000289316	9606.ENSP00000303373	H2BC5	H2AC8	9606	0.737	0	0	0	0	0.446	0.4	0.273
9606.ENSP00000289316	9606.ENSP00000352252	H2BC5	H3C12	9606	0.753	0	0	0	0	0.075	0.4	0.592
9606.ENSP00000289316	9606.ENSP00000445831	H2BC5	H2BC18	9606	0.8	0	0	0	0	0.8	0.0	0.0
9606.ENSP00000289316	9606.ENSP00000308938	H2BC5	PLG	9606	0.83	0	0	0	0	0.0	0.0	0.83
9606.ENSP00000289316	9606.ENSP00000477907	H2BC5	H2BC14	9606	0.874	0	0	0	0	0.8	0.4	0.0
9606.ENSP00000289316	9606.ENSP00000477527	H2BC5	H2BC17	9606	0.887	0	0	0	0	0.819	0.4	0.0
9606.ENSP00000289316	9606.ENSP00000482674	H2BC5	H2BC3	9606	0.907	0	0	0	0	0.852	0.4	0.0
9606.ENSP00000289316	9606.ENSP00000333277	H2BC5	H3C13	9606	0.94	0	0	0	0	0.831	0.4	0.459
9606.ENSP00000289902	9606.ENSP00000321326	FCER1G	F2R	9606	0.412	0	0	0	0	0.0	0.0	0.413
9606.ENSP00000289902	9606.ENSP00000338130	FCER1G	KLRD1	9606	0.426	0	0	0	0	0.0	0.0	0.426
9606.ENSP00000289902	9606.ENSP00000371018	FCER1G	SIRPB1	9606	0.445	0	0	0	0	0.0	0.0	0.445
9606.ENSP00000289902	9606.ENSP00000308782	FCER1G	GP6	9606	0.998	0	0	0	0	0.457	0.9	0.982
9606.ENSP00000290039	9606.ENSP00000309052	CACHD1	CATSPER1	9606	0.54	0	0	0	0	0.0	0.54	0.0
9606.ENSP00000290866	9606.ENSP00000483552	ACE	FURIN	9606	0.446	0	0	0	0	0.0	0.0	0.446
9606.ENSP00000291294	9606.ENSP00000363411	PTGIR	GNG10	9606	0.499	0	0	0	0	0.0	0.5	0.0
9606.ENSP00000291294	9606.ENSP00000398629	PTGIR	GNG4	9606	0.499	0	0	0	0	0.0	0.5	0.0
9606.ENSP00000291552	9606.ENSP00000485022	U2AF1	U2AF1L5	9606	0.866	0	0	0	0	0.8	0.36	0.0
9606.ENSP00000292301	9606.ENSP00000302413	CCR2	TPST1	9606	0.429	0	0	0	0	0.0	0.0	0.429
9606.ENSP00000292301	9606.ENSP00000356793	CCR2	XCL2	9606	0.748	0	0	0	0	0.0	0.65	0.31
9606.ENSP00000292301	9606.ENSP00000480558	CCR2	CCL3L1	9606	0.769	0	0	0	0	0.0	0.65	0.369
9606.ENSP00000292301	9606.ENSP00000356792	CCR2	XCL1	9606	0.772	0	0	0	0	0.0	0.65	0.376
9606.ENSP00000292301	9606.ENSP00000483330	CCR2	CCL4L2	9606	0.79	0	0	0	0	0.0	0.65	0.426
9606.ENSP00000292301	9606.ENSP00000427279	CCR2	CXCL2	9606	0.883	0	0	0	0	0.0	0.65	0.679
9606.ENSP00000292301	9606.ENSP00000497260	CCR2	GNAI1	9606	0.9	0	0	0	0	0.9	0.0	0.0
9606.ENSP00000292301	9606.ENSP00000349967	CCR2	CCRL2	9606	0.966	0	0	0	0	0.0	0.0	0.966
9606.ENSP00000292301	9606.ENSP00000306512	CCR2	CXCL8	9606	0.993	0	0	0	0	0.0	0.65	0.981
9606.ENSP00000292301	9606.ENSP00000474412	CCR2	CCL5	9606	0.995	0	0	0	0	0.0	0.65	0.987
9606.ENSP00000295408	9606.ENSP00000331831	MERTK	GAS6	9606	0.995	0	0	0	0	0.292	0.7	0.982
9606.ENSP00000301908	9606.ENSP00000497260	PNOC	GNAI1	9606	0.735	0	0	0	0	0.735	0.0	0.0
9606.ENSP00000303373	9606.ENSP00000356331	H2AC8	NR5A2	9606	0.499	0	0	0	0	0.0	0.5	0.0
9606.ENSP00000303373	9606.ENSP00000445831	H2AC8	H2BC18	9606	0.553	0	0	0	0	0.26	0.4	0.074
9606.ENSP00000303373	9606.ENSP00000477907	H2AC8	H2BC14	9606	0.671	0	0	0	0	0.198	0.4	0.371
9606.ENSP00000303373	9606.ENSP00000477527	H2AC8	H2BC17	9606	0.767	0	0	0	0	0.615	0.4	0.074
9606.ENSP00000303373	9606.ENSP00000351589	H2AC8	H2AC13	9606	0.9	0	0	0	0	0.9	0.0	0.0
9606.ENSP00000303373	9606.ENSP00000366679	H2AC8	H2AC12	9606	0.9	0	0	0	0	0.9	0.0	0.0
9606.ENSP00000303373	9606.ENSP00000328484	H2AC8	H2AC14	9606	0.937	0	0	0	0	0.9	0.4	0.0
9606.ENSP00000303373	9606.ENSP00000482674	H2AC8	H2BC3	9606	0.971	0	0	0	0	0.944	0.4	0.199
9606.ENSP00000303373	9606.ENSP00000333277	H2AC8	H3C13	9606	0.974	0	0	0	0	0.944	0.4	0.3
9606.ENSP00000303373	9606.ENSP00000349430	H2AC8	H2BC12	9606	0.977	0	0	0	0	0.937	0.4	0.435
9606.ENSP00000303373	9606.ENSP00000476136	H2AC8	H2BC11	9606	0.985	0	0	0	0	0.968	0.54	0.074
9606.ENSP00000303373	9606.ENSP00000352252	H2AC8	H3C12	9606	0.994	0	0	0	0	0.968	0.4	0.718
9606.ENSP00000304501	9606.ENSP00000363411	ADORA2B	GNG10	9606	0.499	0	0	0	0	0.0	0.5	0.0
9606.ENSP00000304501	9606.ENSP00000398629	ADORA2B	GNG4	9606	0.52	0	0	0	0	0.08	0.5	0.0
9606.ENSP00000306512	9606.ENSP00000497260	CXCL8	GNAI1	9606	0.8	0	0	0	0	0.8	0.0	0.0
9606.ENSP00000306512	9606.ENSP00000427279	CXCL8	CXCL2	9606	0.904	0	0	0	0	0.0	0.4	0.847
9606.ENSP00000307259	9606.ENSP00000363411	P2RY12	GNG10	9606	0.499	0	0	0	0	0.0	0.5	0.0
9606.ENSP00000307259	9606.ENSP00000398629	P2RY12	GNG4	9606	0.499	0	0	0	0	0.0	0.5	0.0
9606.ENSP00000307259	9606.ENSP00000497260	P2RY12	GNAI1	9606	0.525	0	0	0	0	0.0	0.5	0.09
9606.ENSP00000307900	9606.ENSP00000308938	GLUL	PLG	9606	0.652	0	0	0	0	0.0	0.0	0.652
9606.ENSP00000308938	9606.ENSP00000477527	PLG	H2BC17	9606	0.83	0	0	0	0	0.0	0.0	0.83
9606.ENSP00000308938	9606.ENSP00000477907	PLG	H2BC14	9606	0.83	0	0	0	0	0.0	0.0	0.83
9606.ENSP00000308938	9606.ENSP00000482674	PLG	H2BC3	9606	0.83	0	0	0	0	0.0	0.0	0.83
9606.ENSP00000308938	9606.ENSP00000476136	PLG	H2BC11	9606	0.838	0	0	0	0	0.0	0.0	0.838
9606.ENSP00000308938	9606.ENSP00000349430	PLG	H2BC12	9606	0.838	0	0	0	0	0.0	0.0	0.838
9606.ENSP00000308938	9606.ENSP00000445831	PLG	H2BC18	9606	0.843	0	0	0	0	0.0	0.0	0.843
9606.ENSP00000308938	9606.ENSP00000321853	PLG	SERPINF2	9606	0.997	0	0	0	0	0.457	0.8	0.976
9606.ENSP00000309245	9606.ENSP00000500386	LRRC7	CAMK2A	9606	0.99	0	0	0	0	0.9	0.4	0.847
9606.ENSP00000309767	9606.ENSP00000445135	NLRP6	NLRP2	9606	0.864	0	0	0	0	0.0	0.0	0.864
9606.ENSP00000313881	9606.ENSP00000363019	MKRN3	UBE2D1	9606	0.457	0	0	0	0	0.457	0.0	0.0
9606.ENSP00000328484	9606.ENSP00000352252	H2AC14	H3C12	9606	0.439	0	0	0	0	0.071	0.4	0.076
9606.ENSP00000328484	9606.ENSP00000445831	H2AC14	H2BC18	9606	0.439	0	0	0	0	0.072	0.4	0.074
9606.ENSP00000328484	9606.ENSP00000482674	H2AC14	H2BC3	9606	0.439	0	0	0	0	0.072	0.4	0.074
9606.ENSP00000328484	9606.ENSP00000477527	H2AC14	H2BC17	9606	0.439	0	0	0	0	0.072	0.4	0.074
9606.ENSP00000328484	9606.ENSP00000356331	H2AC14	NR5A2	9606	0.499	0	0	0	0	0.0	0.5	0.0
9606.ENSP00000328484	9606.ENSP00000477907	H2AC14	H2BC14	9606	0.515	0	0	0	0	0.197	0.4	0.074
9606.ENSP00000328484	9606.ENSP00000332790	H2AC14	H2AC21	9606	0.8	0	0	0	0	0.8	0.0	0.0
9606.ENSP00000328484	9606.ENSP00000366679	H2AC14	H2AC12	9606	0.9	0	0	0	0	0.9	0.0	0.0
9606.ENSP00000328484	9606.ENSP00000351589	H2AC14	H2AC13	9606	0.9	0	0	0	0	0.9	0.0	0.0
9606.ENSP00000328484	9606.ENSP00000349430	H2AC14	H2BC12	9606	0.941	0	0	0	0	0.903	0.4	0.074
9606.ENSP00000328484	9606.ENSP00000476136	H2AC14	H2BC11	9606	0.941	0	0	0	0	0.903	0.4	0.074
9606.ENSP00000328484	9606.ENSP00000333277	H2AC14	H3C13	9606	0.949	0	0	0	0	0.914	0.4	0.076
9606.ENSP00000329797	9606.ENSP00000428184	CADM1	SDCBP	9606	0.866	0	0	0	0	0.0	0.0	0.866
9606.ENSP00000329797	9606.ENSP00000343158	CADM1	EPB41L3	9606	0.977	0	0	0	0	0.933	0.0	0.675
9606.ENSP00000331172	9606.ENSP00000379873	CD8B	HLA-A	9606	0.542	0	0	0	0	0.123	0.5	0.0
9606.ENSP00000331831	9606.ENSP00000431418	GAS6	NTRK1	9606	0.812	0	0	0	0	0.0	0.0	0.812
9606.ENSP00000332118	9606.ENSP00000428184	EPHB3	SDCBP	9606	0.499	0	0	0	0	0.0	0.5	0.0
9606.ENSP00000332790	9606.ENSP00000445831	H2AC21	H2BC18	9606	0.446	0	0	0	0	0.083	0.4	0.074
9606.ENSP00000332790	9606.ENSP00000476136	H2AC21	H2BC11	9606	0.466	0	0	0	0	0.101	0.4	0.09
9606.ENSP00000332790	9606.ENSP00000349430	H2AC21	H2BC12	9606	0.466	0	0	0	0	0.101	0.4	0.09
9606.ENSP00000332790	9606.ENSP00000352252	H2AC21	H3C12	9606	0.541	0	0	0	0	0.239	0.4	0.076
9606.ENSP00000332790	9606.ENSP00000482674	H2AC21	H2BC3	9606	0.586	0	0	0	0	0.314	0.4	0.074
9606.ENSP00000332790	9606.ENSP00000351589	H2AC21	H2AC13	9606	0.8	0	0	0	0	0.8	0.0	0.0
9606.ENSP00000332790	9606.ENSP00000366679	H2AC21	H2AC12	9606	0.8	0	0	0	0	0.8	0.0	0.0
9606.ENSP00000332790	9606.ENSP00000477907	H2AC21	H2BC14	9606	0.942	0	0	0	0	0.904	0.4	0.074
9606.ENSP00000332790	9606.ENSP00000477527	H2AC21	H2BC17	9606	0.947	0	0	0	0	0.912	0.4	0.074
9606.ENSP00000332790	9606.ENSP00000333277	H2AC21	H3C13	9606	0.949	0	0	0	0	0.916	0.4	0.076
9606.ENSP00000333277	9606.ENSP00000356331	H3C13	NR5A2	9606	0.499	0	0	0	0	0.0	0.5	0.0
9606.ENSP00000333277	9606.ENSP00000445831	H3C13	H2BC18	9606	0.932	0	0	0	0	0.807	0.4	0.46
9606.ENSP00000333277	9606.ENSP00000476136	H3C13	H2BC11	9606	0.933	0	0	0	0	0.811	0.4	0.46
9606.ENSP00000333277	9606.ENSP00000477907	H3C13	H2BC14	9606	0.94	0	0	0	0	0.831	0.4	0.46
9606.ENSP00000333277	9606.ENSP00000351589	H3C13	H2AC13	9606	0.944	0	0	0	0	0.907	0.4	0.076
9606.ENSP00000333277	9606.ENSP00000352252	H3C13	H3C12	9606	0.946	0	0	0	0	0.914	0.4	0.0
9606.ENSP00000333277	9606.ENSP00000482674	H3C13	H2BC3	9606	0.949	0	0	0	0	0.857	0.4	0.46
9606.ENSP00000333277	9606.ENSP00000366679	H3C13	H2AC12	9606	0.951	0	0	0	0	0.918	0.4	0.076
9606.ENSP00000333277	9606.ENSP00000477527	H3C13	H2BC17	9606	0.954	0	0	0	0	0.87	0.4	0.46
9606.ENSP00000333277	9606.ENSP00000349430	H3C13	H2BC12	9606	0.969	0	0	0	0	0.862	0.4	0.662
9606.ENSP00000338130	9606.ENSP00000360916	KLRD1	VAV2	9606	0.499	0	0	0	0	0.0	0.5	0.0
9606.ENSP00000338130	9606.ENSP00000379873	KLRD1	HLA-A	9606	0.523	0	0	0	0	0.0	0.0	0.523
9606.ENSP00000341821	9606.ENSP00000468897	FPR3	FPR2	9606	0.932	0	0	0	0	0.0	0.9	0.357
9606.ENSP00000343158	9606.ENSP00000348169	EPB41L3	NLGN4Y	9606	0.499	0	0	0	0	0.0	0.5	0.0
9606.ENSP00000343925	9606.ENSP00000398629	ESR2	GNG4	9606	0.499	0	0	0	0	0.0	0.5	0.0
9606.ENSP00000343925	9606.ENSP00000363411	ESR2	GNG10	9606	0.499	0	0	0	0	0.0	0.5	0.0
9606.ENSP00000343925	9606.ENSP00000497260	ESR2	GNAI1	9606	0.513	0	0	0	0	0.0	0.5	0.066
9606.ENSP00000343925	9606.ENSP00000345494	ESR2	PLSCR1	9606	0.587	0	0	0	0	0.587	0.0	0.0
9606.ENSP00000345681	9606.ENSP00000474412	GATA2	CCL5	9606	0.422	0	0	0	0	0.422	0.0	0.0
9606.ENSP00000349430	9606.ENSP00000477907	H2BC12	H2BC14	9606	0.4	0	0	0	0	0.0	0.4	0.0
9606.ENSP00000349430	9606.ENSP00000356331	H2BC12	NR5A2	9606	0.499	0	0	0	0	0.0	0.5	0.0
9606.ENSP00000349430	9606.ENSP00000482674	H2BC12	H2BC3	9606	0.557	0	0	0	0	0.292	0.4	0.0
9606.ENSP00000349430	9606.ENSP00000477527	H2BC12	H2BC17	9606	0.615	0	0	0	0	0.385	0.4	0.0
9606.ENSP00000349430	9606.ENSP00000476136	H2BC12	H2BC11	9606	0.946	0	0	0	0	0.9	0.4	0.177
9606.ENSP00000349430	9606.ENSP00000366679	H2BC12	H2AC12	9606	0.948	0	0	0	0	0.91	0.4	0.117
9606.ENSP00000349430	9606.ENSP00000351589	H2BC12	H2AC13	9606	0.965	0	0	0	0	0.91	0.4	0.415
9606.ENSP00000349430	9606.ENSP00000352252	H2BC12	H3C12	9606	0.987	0	0	0	0	0.903	0.4	0.799
9606.ENSP00000349967	9606.ENSP00000474412	CCRL2	CCL5	9606	0.907	0	0	0	0	0.0	0.0	0.907
9606.ENSP00000351589	9606.ENSP00000477907	H2AC13	H2BC14	9606	0.446	0	0	0	0	0.083	0.4	0.074
9606.ENSP00000351589	9606.ENSP00000482674	H2AC13	H2BC3	9606	0.515	0	0	0	0	0.072	0.4	0.2
9606.ENSP00000351589	9606.ENSP00000477527	H2AC13	H2BC17	9606	0.613	0	0	0	0	0.361	0.4	0.074
9606.ENSP00000351589	9606.ENSP00000352252	H2AC13	H3C12	9606	0.662	0	0	0	0	0.44	0.4	0.076
9606.ENSP00000351589	9606.ENSP00000366679	H2AC13	H2AC12	9606	0.9	0	0	0	0	0.9	0.0	0.0
9606.ENSP00000351589	9606.ENSP00000445831	H2AC13	H2BC18	9606	0.942	0	0	0	0	0.904	0.4	0.074
9606.ENSP00000351589	9606.ENSP00000476136	H2AC13	H2BC11	9606	0.967	0	0	0	0	0.91	0.4	0.438
9606.ENSP00000352252	9606.ENSP00000366679	H3C12	H2AC12	9606	0.439	0	0	0	0	0.071	0.4	0.076
9606.ENSP00000352252	9606.ENSP00000356331	H3C12	NR5A2	9606	0.499	0	0	0	0	0.0	0.5	0.0
9606.ENSP00000352252	9606.ENSP00000479526	H3C12	DPF3	9606	0.641	0	0	0	0	0.507	0.0	0.301
9606.ENSP00000352252	9606.ENSP00000477907	H3C12	H2BC14	9606	0.672	0	0	0	0	0.074	0.4	0.458
9606.ENSP00000352252	9606.ENSP00000445831	H3C12	H2BC18	9606	0.672	0	0	0	0	0.075	0.4	0.458
9606.ENSP00000352252	9606.ENSP00000477527	H3C12	H2BC17	9606	0.788	0	0	0	0	0.075	0.4	0.65
9606.ENSP00000352252	9606.ENSP00000482674	H3C12	H2BC3	9606	0.949	0	0	0	0	0.857	0.4	0.457
9606.ENSP00000352252	9606.ENSP00000476136	H3C12	H2BC11	9606	0.965	0	0	0	0	0.903	0.4	0.457
9606.ENSP00000355512	9606.ENSP00000363411	OPN3	GNG10	9606	0.499	0	0	0	0	0.0	0.5	0.0
9606.ENSP00000355512	9606.ENSP00000398629	OPN3	GNG4	9606	0.499	0	0	0	0	0.0	0.5	0.0
9606.ENSP00000355966	9606.ENSP00000363019	NEK2	UBE2D1	9606	0.499	0	0	0	0	0.0	0.5	0.0
9606.ENSP00000356331	9606.ENSP00000477527	NR5A2	H2BC17	9606	0.499	0	0	0	0	0.0	0.5	0.0
9606.ENSP00000356331	9606.ENSP00000477907	NR5A2	H2BC14	9606	0.499	0	0	0	0	0.0	0.5	0.0
9606.ENSP00000356331	9606.ENSP00000476136	NR5A2	H2BC11	9606	0.499	0	0	0	0	0.0	0.5	0.0
9606.ENSP00000356331	9606.ENSP00000482674	NR5A2	H2BC3	9606	0.499	0	0	0	0	0.0	0.5	0.0
9606.ENSP00000356694	9606.ENSP00000398568	FASLG	PRF1	9606	0.845	0	0	0	0	0.0	0.0	0.845
9606.ENSP00000356694	9606.ENSP00000361359	FASLG	CD40	9606	0.864	0	0	0	0	0.0	0.0	0.864
9606.ENSP00000356792	9606.ENSP00000474412	XCL1	CCL5	9606	0.734	0	0	0	0	0.734	0.0	0.0
9606.ENSP00000356792	9606.ENSP00000427279	XCL1	CXCL2	9606	0.734	0	0	0	0	0.734	0.0	0.0
9606.ENSP00000356792	9606.ENSP00000356793	XCL1	XCL2	9606	0.908	0	0	0	0	0.0	0.9	0.122
9606.ENSP00000356793	9606.ENSP00000427279	XCL2	CXCL2	9606	0.734	0	0	0	0	0.734	0.0	0.0
9606.ENSP00000356793	9606.ENSP00000474412	XCL2	CCL5	9606	0.734	0	0	0	0	0.734	0.0	0.0
9606.ENSP00000357915	9606.ENSP00000359488	SLC22A16	GBP5	9606	0.452	0	0	0	0	0.452	0.0	0.0
9606.ENSP00000361359	9606.ENSP00000381775	CD40	TNFSF11	9606	0.726	0	0	0	0	0.0	0.5	0.474
9606.ENSP00000361359	9606.ENSP00000365048	CD40	TNFSF13B	9606	0.817	0	0	0	0	0.0	0.5	0.65
9606.ENSP00000363411	9606.ENSP00000369960	GNG10	ADRA1A	9606	0.499	0	0	0	0	0.0	0.5	0.0
9606.ENSP00000363411	9606.ENSP00000398629	GNG10	GNG4	9606	0.54	0	0	0	0	0.0	0.54	0.0
9606.ENSP00000363411	9606.ENSP00000497260	GNG10	GNAI1	9606	0.836	0	0	0	0	0.53	0.65	0.082
9606.ENSP00000364114	9606.ENSP00000379873	HLA-DRB5	HLA-A	9606	0.746	0	0	0	0	0.165	0.54	0.393
9606.ENSP00000365048	9606.ENSP00000381775	TNFSF13B	TNFSF11	9606	0.678	0	0	0	0	0.0	0.5	0.384
9606.ENSP00000366679	9606.ENSP00000482674	H2AC12	H2BC3	9606	0.439	0	0	0	0	0.072	0.4	0.074
9606.ENSP00000366679	9606.ENSP00000445831	H2AC12	H2BC18	9606	0.446	0	0	0	0	0.083	0.4	0.074
9606.ENSP00000366679	9606.ENSP00000477907	H2AC12	H2BC14	9606	0.446	0	0	0	0	0.083	0.4	0.074
9606.ENSP00000366679	9606.ENSP00000477527	H2AC12	H2BC17	9606	0.613	0	0	0	0	0.361	0.4	0.074
9606.ENSP00000366679	9606.ENSP00000476136	H2AC12	H2BC11	9606	0.945	0	0	0	0	0.91	0.4	0.074
9606.ENSP00000369960	9606.ENSP00000398629	ADRA1A	GNG4	9606	0.513	0	0	0	0	0.066	0.5	0.0
9606.ENSP00000374566	9606.ENSP00000388241	KIF19	KIF26A	9606	0.54	0	0	0	0	0.0	0.54	0.0
9606.ENSP00000378485	9606.ENSP00000431418	MATK	NTRK1	9606	0.926	0	0	0	0	0.292	0.9	0.0
9606.ENSP00000397026	9606.ENSP00000428184	GRIK2	SDCBP	9606	0.825	0	0	0	0	0.292	0.0	0.764
9606.ENSP00000398629	9606.ENSP00000497260	GNG4	GNAI1	9606	0.889	0	0	0	0	0.684	0.65	0.082
9606.ENSP00000427279	9606.ENSP00000474412	CXCL2	CCL5	9606	0.764	0	0	0	0	0.734	0.0	0.15
9606.ENSP00000445831	9606.ENSP00000477527	H2BC18	H2BC17	9606	0.8	0	0	0	0	0.8	0.0	0.0
9606.ENSP00000445831	9606.ENSP00000482674	H2BC18	H2BC3	9606	0.8	0	0	0	0	0.8	0.0	0.0
9606.ENSP00000445831	9606.ENSP00000477907	H2BC18	H2BC14	9606	0.8	0	0	0	0	0.8	0.0	0.0
9606.ENSP00000468897	9606.ENSP00000497260	FPR2	GNAI1	9606	0.901	0	0	0	0	0.9	0.0	0.053
9606.ENSP00000474412	9606.ENSP00000480558	CCL5	CCL3L1	9606	0.677	0	0	0	0	0.0	0.0	0.677
9606.ENSP00000474412	9606.ENSP00000497260	CCL5	GNAI1	9606	0.8	0	0	0	0	0.8	0.0	0.0
9606.ENSP00000476136	9606.ENSP00000477907	H2BC11	H2BC14	9606	0.4	0	0	0	0	0.0	0.4	0.0
9606.ENSP00000476136	9606.ENSP00000477527	H2BC11	H2BC17	9606	0.51	0	0	0	0	0.218	0.4	0.0
9606.ENSP00000476136	9606.ENSP00000482674	H2BC11	H2BC3	9606	0.557	0	0	0	0	0.292	0.4	0.0
9606.ENSP00000477527	9606.ENSP00000477907	H2BC17	H2BC14	9606	0.874	0	0	0	0	0.8	0.4	0.0
9606.ENSP00000477527	9606.ENSP00000482674	H2BC17	H2BC3	9606	0.907	0	0	0	0	0.852	0.4	0.0
9606.ENSP00000477907	9606.ENSP00000482674	H2BC14	H2BC3	9606	0.874	0	0	0	0	0.8	0.4	0.0
