Name,baseMean,log2FoldChange,lfcSE,stat,pvalue,padj,symbol
ENSG00000000938,364.9727895595436,-1.4676645093250478,0.35646647415039856,-4.117258187668494,3.834064706383499e-05,0.009144499929038404,FGR
ENSG00000002933,18.161493833108423,-2.077691434130817,1.004246621959235,-2.0689055742874642,0.03855494840526912,0.7838687621302421,TMEM176A
ENSG00000005020,274.7109978534239,-1.000986973364115,0.27753285933854654,-3.6067331837743506,0.00031007621086232717,0.03878771510423293,SKAP2
ENSG00000006327,26.445990798379754,-3.0684142256223765,0.8219298796330445,-3.73318247901182,0.00018907550793172985,0.02705746148706227,TNFRSF12A
ENSG00000010327,294.33684371052794,-1.61428070307584,0.3797522344956407,-4.25087874787573,2.1293342669837968e-05,0.005685004681762113,STAB1
ENSG00000010671,51.994034057942066,-1.6515070743044222,0.601198680094583,-2.7470237859547537,0.0060138772830328965,0.2799977090390698,BTK
ENSG00000011600,191.70825737062327,-1.4038804542895638,0.42226599003281756,-3.324635389604684,0.0008853423517868419,0.07879106462071159,TYROBP
ENSG00000019991,13.10510035222188,-2.204751572077838,1.0628632461771867,-2.0743511265515058,0.03804671278501429,,HGF
ENSG00000029534,816.8097358642414,-1.6361942404239995,0.8247861553062837,-1.983779953018731,0.047280375896799134,0.8602900707116196,ANK1
ENSG00000044459,24.627837937385035,-1.5459139039967686,0.7750359540227202,-1.994635082376385,0.0460826943891571,0.8484677844550963,CNTLN
ENSG00000066279,164.5490259459212,-1.057203294490485,0.35399325460450637,-2.9865068916966493,0.0028218447784407697,0.17587860416985537,ASPM
ENSG00000066336,162.09713952635775,-1.4842826879662512,0.4616256767527871,-3.215338233365048,0.00130290905808387,0.1003318184054108,SPI1
ENSG00000075618,89.1348598525774,-1.0519392514829278,0.43504418427794334,-2.4180055486291923,0.015605838845035956,0.48974955308772494,FSCN1
ENSG00000081189,73.01984794862327,-1.8254660184033151,0.5340871470558806,-3.4179178968564843,0.0006310213914918696,0.06450120372003751,MEF2C
ENSG00000086730,145.92394128797264,-1.4254583384982853,0.38133030235300713,-3.738119760487071,0.0001854016316524138,0.02705746148706227,LAT2
ENSG00000090376,220.11024756459483,-1.3275749483419261,0.355558423115566,-3.733774429274113,0.00018863144954899688,0.02705746148706227,IRAK3
ENSG00000090382,4030.0285161706197,-1.1185168080920147,0.20949593720881113,-5.339085917342417,9.341636956916958e-08,5.762179375356226e-05,LYZ
ENSG00000092068,144.37858498005835,-1.4519260239872507,0.544805918791605,-2.6650334989158413,0.007698065405552733,0.32400704464594654,SLC7A8
ENSG00000094804,46.14202244622314,-1.2647531473094993,0.5674611174139028,-2.2287926141501524,0.025827706603235873,0.6354965828317515,CDC6
ENSG00000095303,78.40186742473797,-1.1473711150693109,0.47965755290256035,-2.3920630627542576,0.016753963410120316,0.510524294791959,PTGS1
ENSG00000099822,153.28200206756503,-1.0802598325966095,0.3636327883130003,-2.970743748406884,0.0029707955024175494,0.18316075810083227,HCN2
ENSG00000099860,1726.275175182838,-1.2371225336273977,0.197514216851586,-6.263460693348383,3.765260983197492e-10,6.611573682824281e-07,GADD45B
ENSG00000099974,49.305935660116276,-3.0404190511169036,0.6601937419947327,-4.605343640384222,4.1178529386088585e-06,0.0014443167326634364,DDTL
ENSG00000100079,30.098129245980637,-3.4147630953420887,0.929366390748133,-3.674291570403391,0.0002385102495623843,0.03281901033978408,LGALS2
ENSG00000100162,98.01003209789559,-1.0533414832784844,0.4095157615908416,-2.5721634722594797,0.01010651581819132,0.3839799797046969,CENPM
ENSG00000100427,16.098691969311023,-1.975202264949847,0.9718774750201996,-2.0323572834207257,0.04211749921986439,,MLC1
ENSG00000100504,84.0972180298018,-1.166001431913424,0.5261338385845655,-2.2161688650368236,0.026679939340006047,0.6466812397209053,PYGL
ENSG00000101336,165.6770457040504,-1.7761827396786145,0.4568822931031557,-3.8876156211148785,0.00010123376984273013,0.018478261989252617,HCK
ENSG00000101439,394.1053610523668,-1.7244134007773106,0.8352114727368887,-2.064642856409303,0.03895680509468835,0.7838687621302421,CST3
ENSG00000101447,91.61381180567983,-1.1370706997495585,0.4306864660191219,-2.640135665881533,0.008287284514728984,0.33691578499880015,FAM83D
ENSG00000101916,111.78844169591835,-1.5264599484293075,0.46686909682568734,-3.2695673344154423,0.0010771209804692281,0.08878987945680981,TLR8
ENSG00000102055,8.093142012410103,-4.012213458202269,1.6360335075199481,-2.4524029854891882,0.014190563904118717,,PPP1R2P9
ENSG00000104972,98.30287812844003,-1.103395036133293,0.5334917219905467,-2.0682514660515103,0.03861638299301727,0.7838687621302421,LILRB1
ENSG00000105383,64.64291831504048,-1.2849971850691602,0.5537141410077603,-2.32068695722754,0.02030374516280104,0.5728602420696924,CD33
ENSG00000105501,19.113904751209915,-2.6790183661935276,1.01529977166001,-2.638647659511778,0.008323744213939657,0.3370542911317677,SIGLEC5
ENSG00000105697,86.60321514388517,-1.1916668137696236,0.42677373995948414,-2.792268366565278,0.005233992653270675,0.2588963211524501,HAMP
ENSG00000105711,109.31543803396667,-1.5426228931418167,0.4003585740809411,-3.8531031755296996,0.00011663021512503657,0.02006039700150629,SCN1B
ENSG00000105967,50.75461223064151,-1.3932469624519241,0.6354240978071186,-2.1926253147466257,0.028334385693128405,0.6700692714861933,TFEC
ENSG00000106066,148.72484494431836,-1.3251523813995238,0.4286708787020729,-3.0913048850246425,0.0019927890191962726,0.13710388452070355,CPVL
ENSG00000107551,107.18266303160928,-1.2775033421721371,0.503318330012091,-2.538161767606294,0.011143646149772798,0.4025857704964303,RASSF4
ENSG00000110077,187.60481553412936,-1.171246700859013,0.3580864182970272,-3.270849272723552,0.001072250431519079,0.08878987945680981,MS4A6A
ENSG00000110880,407.2073494028054,-1.0649625589286176,0.2643796888610759,-4.02815573131348,5.621610342423909e-05,0.012115586241599866,CORO1C
ENSG00000111665,57.83475465421879,-1.5151207311182961,0.520326345616886,-2.9118662621666918,0.003592764246890761,0.20402338682026008,CDCA3
ENSG00000114013,55.949143613819935,-1.4949143185349665,0.6159989311341193,-2.42681316959864,0.015232097683833575,0.48139887520921376,CD86
ENSG00000114646,52.16382879716179,-2.024794159357132,0.549316890232639,-3.686022030925755,0.00022778664091580698,0.03183318306798402,CSPG5
ENSG00000115594,182.21965081407726,-1.1174414096538332,0.34083550479078495,-3.2785358155094557,0.001043471218852869,0.08763198668000056,IL1R1
ENSG00000115705,81.77070389670386,-3.7570721769858646,0.7004728508558036,-5.363622833341302,8.156913679673375e-08,5.4041063667406416e-05,TPO
ENSG00000116701,418.4681923412275,-1.1568987652468856,0.33882636467142135,-3.414429589529712,0.000639157112981727,0.06459459003964481,NCF2
ENSG00000116774,61.671303291178766,-1.5735919176402378,0.522879885181285,-3.009471127570084,0.0026170295130655266,0.16839361125797173,OLFML3
ENSG00000116990,50.60830212901966,-2.188961204887226,0.678742959252884,-3.225022337317048,0.001259628402732463,0.09796622986121,MYCL
ENSG00000117115,55.739699847164125,-1.5922058105184336,0.6072570700227748,-2.6219633975751306,0.008742481976782618,0.34907481607296315,PADI2
ENSG00000119508,23.370026649114067,-1.8994297721247804,0.8197503072391806,-2.3170833305593126,0.020499192874776508,0.5753695806272259,NR4A3
ENSG00000119535,262.4399801974386,-1.1738516383266357,0.4104792328576789,-2.8597101737754245,0.0042402833721887825,0.2270963741368651,CSF3R
ENSG00000120594,189.46487214573142,-1.4779229416558486,0.3930387552762215,-3.7602473593658403,0.0001697454280216491,0.025952189884198798,PLXDC2
ENSG00000120738,697.3656184901083,-2.172886608713856,0.8258693358752168,-2.631029527705051,0.00851266395201971,0.3429606594002895,EGR1
ENSG00000121316,166.30009789095197,-1.2252710438831893,0.4629467190094978,-2.64667831862969,0.008128663620116876,0.3334989331115841,PLBD1
ENSG00000122025,22.77841097657999,-2.699684612148508,0.9894078032676178,-2.728586335414508,0.006360643769466202,0.28871851467748,FLT3
ENSG00000122877,33.38434292909234,-2.619707133227639,0.7297197174392639,-3.5900182914348657,0.00033065475768789994,0.04051200209261065,EGR2
ENSG00000123358,345.137202133291,-1.1839188401584033,0.2514353946520285,-4.708640332029927,2.49374652211274e-06,0.0009293362039073478,NR4A1
ENSG00000123405,48.434930554908455,-1.5565506178702837,0.6264785464857003,-2.4846032264024425,0.012969590004430223,0.44359469598326545,NFE2
ENSG00000124191,117.84368636766074,-1.1936457028249532,0.4706530677470184,-2.536147716063654,0.011207944639267794,0.4025857704964303,C20orf100
ENSG00000124216,42.39951009748589,-2.0643803277031862,0.6206486214830725,-3.3261659757984168,0.0008804948142430755,0.07879106462071159,SNAI1
ENSG00000124491,293.07349089370956,-1.240304463474631,0.2991894513755283,-4.145548774438106,3.390008274486937e-05,0.008306913426578402,F13A1
ENSG00000124610,40.29075947711334,-1.280392445287615,0.6337108325245314,-2.0204679793572096,0.04333486830717808,0.8308404333106125,HIST1H1A
ENSG00000124762,64.65171753672134,-1.0255668430688798,0.48349491749487383,-2.1211533068075186,0.03390890320550765,0.7288476920990519,CDKN1A
ENSG00000125657,25.05450691741047,-2.5011234179946364,0.812144904243262,-3.07965167906228,0.0020724281330398984,0.14100459496053566,TNFSF9
ENSG00000125740,4849.775513094437,-2.2676075674525356,0.6572803275445263,-3.4499854512972936,0.0005606167656823561,0.057977005811286925,FOSB
ENSG00000126803,359.87684016518654,-1.2559728825854848,0.2577968996867829,-4.871947196073584,1.1050370639877527e-06,0.0004535985093094661,HSPA2
ENSG00000126861,45.66545910578273,-1.4206270423961413,0.5758192496808258,-2.467140588272429,0.013619687203833128,0.45623401629619287,OMG
ENSG00000127249,37.07110721990054,-1.4624783467022915,0.6461464720232261,-2.2633851766193995,0.0236119557217039,0.6124317667523391,ATP13A4
ENSG00000127951,1079.9505400168302,-1.348536396181246,0.6810767554460974,-1.980006490308086,0.04770279939590259,0.8610571903066656,FGL2
ENSG00000128815,119.88760823621267,-2.106236165132144,0.5792017877083777,-3.636446243485375,0.00027642529724948713,0.03531925512284876,WDFY4
ENSG00000129226,113.92437542781222,-1.5655217638104784,0.5199034696974579,-3.011177757135351,0.0026023645865482525,0.1680545044194048,CD68
ENSG00000129993,40.21240349645843,-1.7252036393266876,0.742106731418767,-2.3247378931982277,0.020085979752335593,0.5703142949361573,CBFA2T3
ENSG00000130222,47.10254745716936,-1.553086892327668,0.6684503815046948,-2.323413876781159,0.020156929350877262,0.570517645931159,GADD45G
ENSG00000130508,96.39027809052058,-4.803870759511169,1.660366835525373,-2.8932586803874156,0.003812671462287339,0.21180455626520472,PXDN
ENSG00000131042,137.8179352741523,-1.030319192513634,0.44281819062977984,-2.326731860424038,0.019979541020344105,0.5698231516386391,LILRB2
ENSG00000131153,123.69616707536971,-2.2317903725949337,0.5210570915704872,-4.283197386045025,1.8422660118948603e-05,0.005149133503246134,GINS2
ENSG00000131724,87.13427103508833,-2.0264229172192016,0.5680247815216601,-3.5674903334159005,0.00036041667080701276,0.042980889382638963,IL13RA1
ENSG00000131746,39.989270086411125,-1.1994319202604873,0.6042430479373994,-1.9850156726747323,0.04714272781567778,0.8602900707116196,TNS4
ENSG00000131885,12.043695272379374,-4.044093386526665,1.6091779690829742,-2.5131424020372846,0.011966102269779963,,KRT17P1
ENSG00000132514,41.25490842418618,-3.24327943127435,0.8621876091141506,-3.7616864322680743,0.0001687715525604581,0.025952189884198798,CLEC10A
ENSG00000132967,20.071950308247562,-1.7111977920400896,0.8698233428083882,-1.967293481128209,0.04914938615974554,0.8756814936509244,AC121253.1
ENSG00000133246,137.07446202078805,-1.0529380313033698,0.4568017804986629,-2.3050217320824387,0.021165356327402872,0.5797946309105398,PRAM1
ENSG00000134243,127.50556862483269,-1.4343241947802239,0.436409703797462,-3.286645971203918,0.0010138821115857751,0.08595413844571728,SORT1
ENSG00000135218,218.79555471101767,-1.4343913753992346,0.40258204855270635,-3.5629789767226616,0.00036667005452195757,0.04343704592906475,CD36
ENSG00000135363,44.20304466365823,-1.6796532300644238,0.6001766410932927,-2.798598137716151,0.005132497012320666,0.25686483336626276,LMO2
ENSG00000135476,57.28666737274068,-1.0209445446661283,0.5097655426167474,-2.002772763779556,0.04520168454193715,0.8422846881661038,ESPL1
ENSG00000136826,88.19220373317978,-1.7915181599309902,0.47196362094186073,-3.795881886734825,0.00014711953464139382,0.023708776897885156,KLF4
ENSG00000136869,175.26984256155822,-1.2039409537561794,0.41187936224003546,-2.9230426773715004,0.003466290025736146,0.20116544076743245,TLR4
ENSG00000137177,60.566215038114,-1.0779230828428321,0.5431000383083989,-1.9847597252989595,0.04717121034595343,0.8602900707116196,KIF13A
ENSG00000137267,82.0162569058718,-1.6375506072833401,0.45528038558281336,-3.5967958628111765,0.00032216111173224445,0.039858443047217015,TUBB2A
ENSG00000137474,73.5077532591606,-1.3098967992818698,0.4883506771060662,-2.6822872593199447,0.007312064239157482,0.31482729810923255,MYO7A
ENSG00000137807,28.078163492572543,-1.7853615727306966,0.7399070866121875,-2.4129537411316484,0.015823827759267304,0.49399062994375836,KIF23
ENSG00000138829,34.71943900682118,-2.2502230104196137,0.7872041312751813,-2.858500001485648,0.00425649106753455,0.2272839170628598,FBN2
ENSG00000139318,239.81726673602162,-1.0537943172380981,0.37875258914750964,-2.7822762072992338,0.005397907882101641,0.2623852613995494,DUSP6
ENSG00000139354,5.920507339851687,-4.619010118612647,2.1187669222275587,-2.1800463610015517,0.029254025178355608,,GAS2L3
ENSG00000139438,60.50727274540119,-1.0550558322937458,0.5051395961955708,-2.0886421104974477,0.03673995151228365,0.764167913496751,FAM222A
ENSG00000139970,59.72170547122268,-2.207952735234655,0.6543085699506384,-3.3744823721340302,0.0007395465229597255,0.07036706490799771,RTN1
ENSG00000140022,29.93733164824624,-1.5997760769989995,0.7241184835285495,-2.209273914958595,0.027155594405876473,0.6533595191133981,STON2
ENSG00000140749,103.06112779209496,-1.1120731225090914,0.4460582103005679,-2.493112102475912,0.012662885971053688,0.43728514334017055,IGSF6
ENSG00000142945,50.98155231208413,-1.1148342769175903,0.5398824083461128,-2.064957590177456,0.038927013217441096,0.7838687621302421,KIF2C
ENSG00000143184,12.073458601372321,-2.708686132773762,1.3483356478880215,-2.008910865047986,0.04454658746413714,,XCL1
ENSG00000143185,9.393345242224228,-4.262683879550005,1.602475102446427,-2.6600624702638793,0.007812615943114637,,XCL2
ENSG00000143226,130.5371501683789,-1.3183427990033827,0.4227586755856473,-3.1184287281084972,0.0018181811036829026,0.12655106452404577,FCGR2A
ENSG00000145386,81.30339550679798,-1.0134945464492355,0.43874651494144806,-2.3099774287312322,0.02088940377266392,0.5797946309105398,CCNA2
ENSG00000145632,129.9196673620977,-2.204158350952821,0.3898678413379929,-5.653603906873517,1.5711805485838064e-08,1.4052638826533563e-05,PLK2
ENSG00000146192,179.9404279752464,-1.4705432849022269,0.41110959038576733,-3.577010411073926,0.0003475463366647519,0.04172422060576565,FGD2
ENSG00000148926,14.36415366206003,-2.052576338347917,1.0275477502260024,-1.9975483746584684,0.04576564495752238,,ADM
ENSG00000149256,4.755645580962913,-5.789594696716116,2.9189763561482707,-1.983433228063472,0.047319058614859105,,ODZ4
ENSG00000149294,23.180299780180928,-2.0821290529530274,0.8948585917362871,-2.326768801440559,0.019977573748781962,0.5698231516386391,NCAM1
ENSG00000150457,198.98892512864603,-1.2274632532549572,0.4165481987090075,-2.9467496367987884,0.00321133092786754,0.18984931639617766,LATS2
ENSG00000152804,28.419946844044446,-2.031856821072954,0.7796873503625738,-2.605989208530946,0.009160934785183681,0.3581599648821766,HHEX
ENSG00000153234,211.37643492889433,-1.1684501000106977,0.30416868391510826,-3.8414543041413345,0.0001223075073974248,0.02063996879552014,NR4A2
ENSG00000154040,50.955839177081224,-1.301782845145498,0.5402257632804309,-2.409701524119544,0.01596557599462088,0.49668212763787534,CABYR
ENSG00000154545,7.774245329427795,-6.4970247632958396,2.7232606199768936,-2.3857521074684973,0.01704423560034167,,MAGED4
ENSG00000155629,234.50266688732182,-1.2517847748098085,0.3138436191169322,-3.9885621327334273,6.647499292346907e-05,0.013512553106988805,PIK3AP1
ENSG00000155974,35.71071410467646,-1.5246247902372987,0.7176312022327705,-2.124524108614179,0.03362634229555397,0.7280678818719751,GRIP1
ENSG00000158050,1981.205096245641,-1.123178931075284,0.2444459918392968,-4.594793813652228,4.33177376718247e-06,0.0014901301759107698,DUSP2
ENSG00000158473,65.51636999432708,-1.86206523863664,0.604654911019793,-3.079550343014888,0.0020731333002359615,0.14100459496053566,CD1D
ENSG00000158481,25.72154118016736,-5.15861484066157,1.2366207528733129,-4.171541540666713,3.0254588651095318e-05,0.007622451856208352,CD1C
ENSG00000159339,76.3065185235416,-1.1292539594108295,0.5233864585055105,-2.157591089833174,0.03095963806557219,0.6984638748878856,PADI4
ENSG00000160883,183.48162277433659,-1.2267258266313787,0.3613215973635797,-3.395107946998768,0.0006860154688051946,0.06817978836403396,HK3
ENSG00000161958,80.89989779423412,-1.5192057747964929,0.4939742982563486,-3.075475343877302,0.0021016730450808393,0.14240427056971988,FGF11
ENSG00000162366,7.706719047024864,-4.996545615801582,2.038583517104758,-2.450988921414311,0.014246433800051505,,PDZK1IP1
ENSG00000162849,8.459860803033166,-3.0276412813046725,1.45235512118271,-2.084642548606945,0.03710175922266452,,KIF26B
ENSG00000163046,878.0261033792518,-1.1741223444384976,0.31028179073378914,-3.784051721700463,0.0001542957367861037,0.024210895961665115,ANKRD30BL
ENSG00000163453,16.553406189990454,-2.157942452699158,0.9538060862790844,-2.26245406036101,0.023669364104853822,0.6124317667523391,IGFBP7
ENSG00000163520,5.145642673566427,-4.409056040679003,2.209739853647543,-1.9952828535002083,0.04601203892215955,,FBLN2
ENSG00000163563,249.67675173863503,-1.614567330673331,0.38249541082760563,-4.2211417051511555,2.4306806830134764e-05,0.006394120008491921,MNDA
ENSG00000163625,131.6944704586397,-1.213893944401447,0.3580883633363625,-3.3899284888551433,0.0006991085794790475,0.06871238609736924,WDFY3
ENSG00000163823,72.70527119078534,-1.2439843835292284,0.5246679183123978,-2.370993804100931,0.017740328475160962,0.5324479794692605,CCR1
ENSG00000164125,88.60178866933892,-1.1890223918321499,0.47755801074001103,-2.489796768333281,0.012781615984990585,0.4381439414520426,FAM198B
ENSG00000164142,57.059141345324406,-1.13849001496454,0.5460834481523962,-2.084827911954622,0.03708492412081727,0.766068812173471,FAM160A1
ENSG00000165025,205.7530790772282,-1.3132806116603604,0.4062356550578932,-3.2328048887614327,0.0012258125270380145,0.09706911744021383,SYK
ENSG00000165168,913.1401763984854,-1.3476612528959322,0.2989821285546237,-4.507497686938556,6.559664561337693e-06,0.002095344279878726,CYBB
ENSG00000165801,79.56187879357644,-1.2656923629014412,0.4876221256683546,-2.595641781362222,0.009441444098873517,0.36714902617532497,ARHGEF40
ENSG00000165917,41.91951516959336,-1.3694115858972218,0.6052641231238519,-2.262502490366518,0.023666375148608403,0.6124317667523391,RAPSN
ENSG00000165959,64.27785666158812,-1.1717527177901956,0.5232293120492563,-2.2394630629560144,0.025125802079467723,0.6294822795483455,CLMN
ENSG00000166268,4.781244247538119,-5.790870457420268,2.9515490428042948,-1.9619767022127157,0.0497651967457299,,MYRFL
ENSG00000166428,36.99842951716375,-2.5607102987121113,0.8643434034217845,-2.962607556874625,0.0030504521449519085,0.18526331450494998,PLD4
ENSG00000166664,5.690196622125211,-6.045628884051049,2.8421186674741556,-2.127155686086786,0.03340714970044429,,CHRFAM7A
ENSG00000166796,4.930696048588441,-4.337460098380784,2.152343650204554,-2.0152265638289504,0.043880915408161386,,LDHC
ENSG00000166825,143.4787982686274,-1.446422154863312,0.49403145625067807,-2.9277936385681853,0.003413765391144991,0.1989102127583114,ANPEP
ENSG00000166833,70.8859094701315,-1.979045872814859,0.5037473910619216,-3.9286473894047247,8.542498798274466e-05,0.016085075631950913,NAV2
ENSG00000166928,14.293529319210595,-2.187058246435506,1.0368430128583512,-2.109343670461993,0.03491492787120043,,MS4A14
ENSG00000167103,46.909981398762426,-2.199800849888032,0.6272777780034932,-3.506900653948851,0.0004533583724958548,0.051004242561043085,PIP5KL1
ENSG00000167850,25.926486757399818,-1.8541568943443205,0.8516613373638889,-2.17710586708493,0.029472669410854392,0.6878547293142324,CD300C
ENSG00000168461,142.45458750840749,-1.4047605309344864,0.4151467914547969,-3.3837682473994097,0.0007149832616250906,0.06931165559768213,RAB31
ENSG00000168765,327.8391880057497,-1.8276512559159497,0.3439799646666649,-5.313249153005297,1.0768763959334261e-07,6.421054990152375e-05,GSTM4
ENSG00000168907,7.080052419166407,-3.186532136677014,1.5762795866599253,-2.0215526253366956,0.04322259047949355,,PLA2G4F
ENSG00000169031,6.825396797488245,-4.815748329791547,2.079808925506155,-2.315476326085848,0.020586878690063058,,COL4A3
ENSG00000169116,4.807620609965073,-4.279006057342935,2.164281187674604,-1.9771026434603358,0.048030029046734465,,PARM1
ENSG00000169252,291.15849658417125,-1.0577160219584003,0.30609838252107446,-3.455477331330158,0.0005493193808911652,0.0578013240316539,ADRB2
ENSG00000169258,65.3468743215826,-1.1485124888215053,0.4995621550678258,-2.299038222111863,0.02150276898333415,0.5839707323262406,GPRIN1
ENSG00000170128,513.3603384925981,-1.2563273974872338,0.29016356550841743,-4.329721394503573,1.4929810610652143e-05,0.0043645544153355885,GPR25
ENSG00000170345,2686.4869794042384,-1.215610592163451,0.24481912821607854,-4.965341560609379,6.858026240099509e-07,0.00030669093345725,FOS
ENSG00000170458,370.6200642557801,-1.070028924344562,0.3612373327150404,-2.9621216508888546,0.0030552704482871332,0.18526331450494998,CD14
ENSG00000170909,63.24822288710114,-1.3613799776638753,0.5724789559579367,-2.3780437053548282,0.017404762869360976,0.5250192212599143,OSCAR
ENSG00000171049,31.092537627451428,-1.494304275129574,0.7258548093391362,-2.0586820613478922,0.039524705785357515,0.7910505525672882,FPR2
ENSG00000171476,375.28288041688484,-1.1595659607327329,0.37502432514290995,-3.091975327976016,0.0019882937383351768,0.13710388452070355,HOPX
ENSG00000171570,37.40653077193983,-1.4101930212783984,0.6478216080329916,-2.176823069487027,0.02949377109704921,0.6878547293142324,RAB4B-EGLN2
ENSG00000172014,15.872805766879157,-3.663471485056164,1.1196752041999136,-3.2719055234182584,0.001068252668759928,,ANKRD20A4
ENSG00000172247,22.540878330288226,-1.7650492950117993,0.8069972505537102,-2.187181299317606,0.02872929150495778,0.6761967979482695,C1QTNF4
ENSG00000172554,39.31909139777883,-1.6827015788200805,0.6338015103930139,-2.6549346305228183,0.00793237786202814,0.3304903325591309,SNTG2
ENSG00000173040,133.74392462186415,-1.7127891124862367,0.4008198027899538,-4.273214797682561,1.9267468453429077e-05,0.005302407318383682,EVC2
ENSG00000173825,43.035054809176174,-2.366689664741972,0.630469386864037,-3.7538534210422454,0.00017413671723664532,0.026397945745161962,TIGD3
ENSG00000173868,14.738786661915057,-2.10006651753903,1.035454697855683,-2.0281587614485166,0.042544047240310676,,PHOSPHO1
ENSG00000174871,34.286289589009044,-1.4205562089684167,0.6646675127399435,-2.1372433310490693,0.03257820537490187,0.7132912334715358,CNIH2
ENSG00000175471,79.74933226214017,-1.0278555552667623,0.4732530451481213,-2.171894224040457,0.029863642249610498,0.6910748157322543,MCTP1
ENSG00000175489,182.55679561585666,-1.3902208337967519,0.42287317866308927,-3.2875597317189182,0.0010105974785752831,0.08595413844571728,LRRC25
ENSG00000175591,13.015447784994812,-2.8097360492730594,1.2103050195857075,-2.321510696729031,0.020259297462224452,,P2RY2
ENSG00000175857,29.765265754543677,-1.965926820417523,0.7825879412003091,-2.5120842232787868,0.012002044057532104,0.42429360494295315,GAPT
ENSG00000176890,105.36065397238917,-1.2960301909441736,0.41095208870797606,-3.1537257664728333,0.0016120048705088328,0.11674308956948178,TYMS
ENSG00000177103,13.294448310624661,-2.2367067648061303,1.1384892755119729,-1.964626995542224,0.049457425126745086,,DSCAML1
ENSG00000177575,104.47770521962505,-1.3722807212298123,0.5171743387112868,-2.653419975649429,0.007968066184466462,0.3304903325591309,CD163
ENSG00000177606,4717.2832870828515,-1.4109434333927877,0.22569735457455428,-6.251484143677514,4.065703852362874e-10,6.611573682824281e-07,JUN
ENSG00000178789,44.4660122979856,-1.7066408483715783,0.6779585659017028,-2.5173232321383847,0.011825028977448134,0.420529062323245,CD300LB
ENSG00000179388,52.62707124438533,-1.7842609388434159,0.5661914311870391,-3.1513386472533744,0.0016252393258559608,0.11722693976173962,EGR3
ENSG00000179583,651.3962604813589,-1.0927545602039141,0.2624341792742983,-4.163918599420536,3.128316830968711e-05,0.007772129371162264,CIITA
ENSG00000179639,27.784343043964757,-4.85814565466525,1.2584811104194031,-3.8603246520293166,0.00011323647566008558,0.01982260075407432,FCER1A
ENSG00000179921,81.789652694774,-1.5648697947452344,0.47280774748409266,-3.3097380554194147,0.0009338331880123477,0.08108935954934406,GPBAR1
ENSG00000180422,139.20515635455826,-1.0841803249151547,0.3790317445831294,-2.8603945194816576,0.004231142806426488,0.2270963741368651,LINC00304
ENSG00000181418,27.982428290976003,-1.789507625841295,0.7489079047404307,-2.3894895680952026,0.01687180300063567,0.511832400095633,DDN
ENSG00000181631,72.01763698166519,-1.2665705573161996,0.5678372443060138,-2.2305168778848725,0.025713148240196132,0.6344231665112117,P2RY13
ENSG00000182511,90.73226219998843,-1.575619929555074,0.4937969960899713,-3.1908252622662596,0.0014186705316537624,0.1070767024060021,FES
ENSG00000182578,233.55042122846055,-1.3668720176971394,0.3962017424042161,-3.4499394409593953,0.0005607123214083541,0.057977005811286925,CSF1R
ENSG00000182759,26.785929852028676,-4.18062158590485,0.919946235083251,-4.544419474173426,5.508686090014068e-06,0.0018184718888054957,MAFA
ENSG00000183023,105.25807274423249,-1.4410931883319138,0.5082776942009826,-2.8352477489639325,0.004579016034094331,0.23880302862355504,SLC8A1
ENSG00000183496,60.06241320611396,-1.075271273703292,0.5087501475990952,-2.11355471595976,0.03455331703791349,0.7366981348917718,MEX3B
ENSG00000183682,12.624196929767779,-2.748631599488256,1.1464765723546568,-2.3974598921311236,0.016509188260076923,,BMP8A
ENSG00000183779,56.23945088637768,-1.163754903999196,0.524622554201616,-2.2182708209528426,0.02653637245402469,0.6458267081055695,ZNF703
ENSG00000184221,14.984159843310042,-2.2935386409171254,1.060797437428901,-2.1620891604678745,0.030611304378991917,,OLIG1
ENSG00000185215,445.72346460781887,-1.7696038230052376,0.33972940213395314,-5.2088627357236925,1.9000160468082346e-07,0.00010299238498577483,TNFAIP2
ENSG00000185863,6.434923638112959,-3.6464106711738493,1.8265655483179846,-1.996320731293597,0.045899022887531116,,TMEM210
ENSG00000185972,23.39592694476925,-1.65447180840777,0.8134306046457495,-2.0339433984393738,0.0419573026308746,0.8188642845696754,CCIN
ENSG00000186074,31.440288162960954,-2.2271371750584197,0.7936920188614293,-2.8060470839221776,0.005015336331141252,0.25200656261644583,CD300LF
ENSG00000187037,11.62230676685483,-3.1614715785057035,1.2362559398190698,-2.557295359865689,0.010548960580155342,,GPR141
ENSG00000187164,50.46729969236247,-1.4034706532256747,0.6085664087735481,-2.3061914574846605,0.02109993670110517,0.5797946309105398,SHTN1
ENSG00000187231,181.67674921140448,-1.8001930189846491,0.42813508275519113,-4.204731383842245,2.613924089398151e-05,0.006776503494370163,SESTD1
ENSG00000187634,22.189047565641882,-1.6467833409626662,0.8187646184154239,-2.011302520802289,0.044293512409637685,0.8375500528367854,SAMD11
ENSG00000187796,75.83144433458475,-1.614929348061644,0.46328339890453607,-3.485834700488406,0.0004906040594737746,0.05318742676282957,CARD9
ENSG00000188163,28.499624690321667,-2.7347272588841363,0.793456655359227,-3.4465994335204417,0.0005676896140426096,0.05836110239077127,FAM166A
ENSG00000188396,25.612429705315634,-1.8569925979281097,0.844201674753533,-2.19970257518177,0.02782800398075044,0.6646025837218476,RP11-269F19.9
ENSG00000188483,104.0207625015406,-2.0030536153239065,0.4629387316805935,-4.326822273116525,1.5127592450291062e-05,0.0043645544153355885,IER5L
ENSG00000188681,281.36284080331893,-1.1160240539631487,0.3358373632580088,-3.3231086712223785,0.0008902022760237669,0.07883137778966902,TEKT4P2
ENSG00000188820,111.34467066001446,-1.2304842064613033,0.410798324195904,-2.9953486516038037,0.002741313047357848,0.17327423247751655,FAM26F
ENSG00000188886,20.685959270313187,-2.3047964831118843,0.8770373231220023,-2.6279343220052107,0.00859050999408715,0.3437741449087941,ASTL
ENSG00000188906,242.2626204153384,-1.872486581710229,0.3317664346977707,-5.6439904278321835,1.6615331557767513e-08,1.41530976621593e-05,LRRK2
ENSG00000189030,5.211137497494092,-5.9281707845177705,2.921673469838119,-2.029032623158341,0.04245496761452957,,VHLL
ENSG00000196189,129.724091102798,-1.5112907339930708,0.4726247812234578,-3.1976544481668427,0.0013855019478912866,0.1054632291228908,SEMA4A
ENSG00000196549,25.907416756819067,-3.8940275747454716,1.0070809469927053,-3.866648044900087,0.0001103414914497617,0.019542461376765713,MME
ENSG00000196562,128.95642203828237,-1.2114680452207953,0.438833409102779,-2.760655911995656,0.005768541660186725,0.27338186677200776,SULF2
ENSG00000196576,393.7292124559964,-1.1468847585317987,0.3628718459464527,-3.1605779598041313,0.001574564620769216,0.11496249769926423,PLXNB2
ENSG00000196730,97.52293413524909,-1.3692385708440875,0.5158388441876838,-2.654392134815464,0.007945143666323108,0.3304903325591309,DAPK1
ENSG00000197153,155.57472438060992,-1.0304693762742712,0.34974807484444964,-2.946318937516874,0.003215806287345809,0.18984931639617766,HIST1H3J
ENSG00000197249,289.65629012534725,-1.3323751468758624,0.3813333140790239,-3.493990946198196,0.00047585715587653894,0.05222167364613208,SERPINA1
ENSG00000197361,78.37421479947899,-1.2763219082344948,0.45714503329319833,-2.7919408837061614,0.0052392927245744035,0.2588963211524501,FBXL22
ENSG00000197405,115.12555539024802,-1.035701951504576,0.4615245921672988,-2.2440883304635317,0.024826718642996893,0.6271674425090387,C5AR1
ENSG00000197465,15.005968168772071,-5.99124808035146,1.7647894804555404,-3.394879755745686,0.0006865874787803955,,GYPE
ENSG00000197629,819.9613688250718,-1.527349876678872,0.721267570008124,-2.117591224379697,0.0342097020341004,0.732886837893897,MPEG1
ENSG00000197852,37.459253461646966,-1.9189677706057042,0.7807823489867391,-2.4577499390144335,0.013981048626347286,0.4623805378317998,FAM212B
ENSG00000197872,81.0154930321159,-1.336043098468472,0.4848838508603372,-2.7553879059859576,0.005862258797235403,0.2759581193814392,FAM49A
ENSG00000197943,125.72440757443033,-1.2028547928428326,0.4705186232544401,-2.556444598351999,0.010574790890351802,0.39411762471873013,PLCG2
ENSG00000198053,164.99971503542383,-1.121547780305231,0.49391141593738214,-2.270746826486433,0.02316230854635845,0.6075181455678299,SIRPA
ENSG00000198435,34.564297186796395,-1.9072038005063194,0.7547477215892568,-2.526942110524507,0.01150604666508004,0.41081868811367617,NRARP
ENSG00000198574,13.966905587648608,-2.714453547564056,1.1277081817364847,-2.407053164573343,0.016081828549530677,,SH2D1B
ENSG00000198576,18.283116607399656,-1.9517379515560003,0.9521949143615925,-2.049725242299325,0.04039125032912529,0.8027985398748814,ARC
ENSG00000203747,116.12794177680203,-1.4367915440882757,0.4368746160459543,-3.2887961243716237,0.001006168781190099,0.08595413844571728,FCGR3A
ENSG00000203811,639.408791697803,-1.3336876236571371,0.2670066366153194,-4.994960576873606,5.884778742098129e-07,0.0002754209536518957,HIST2H3C
ENSG00000204110,12.39639373728834,-3.6148231862744282,1.2286725001796865,-2.942055906472864,0.003260410591718009,,RP1-153P14.8
ENSG00000204283,19.360747909123322,-1.7551245405302154,0.8674627011213716,-2.023285310436242,0.04304374049875671,0.8288120883119052,RP11-637C24.2
ENSG00000204287,1071.889622047084,-1.894767815219412,0.7065144513097297,-2.6818528788857887,0.007321565072307733,0.31482729810923255,HLA-DRA
ENSG00000204644,27.676118444340794,-8.32773951950346,2.4872483842282254,-3.3481736574079615,0.0008134602183250572,0.07539469629740218,ZFP57
ENSG00000210082,76720.95219190148,-1.4158546397953033,0.18081956915552896,-7.830206909615404,4.870677157941105e-15,2.178166825031262e-11,MT-RNR2
ENSG00000211459,4884.565512802397,-1.7827700017363854,0.25446111196784243,-7.006060721615032,2.4512156612356064e-12,6.2639065354546475e-09,MT-RNR1
ENSG00000211667,19.192256142639028,-2.4001933008903125,1.0440861203899467,-2.298846095180238,0.021513680266267477,0.5839707323262406,IGLV3-12
ENSG00000211689,269.6499709762272,-1.383848802667619,0.35020912760356754,-3.951492675639565,7.766524963365153e-05,0.015436399838297317,TRGC1
ENSG00000211694,170.76038697041096,-1.212971581615308,0.382761186727158,-3.169003607672335,0.0015296249646771752,0.11384728331898408,TRGV10
ENSG00000211695,11.298871100150217,-3.1066120386334624,1.2413123955390102,-2.5026834903106647,0.01232557156883394,,TRGV9
ENSG00000211697,46.06575691140345,-2.0920313082361712,0.7479076589437728,-2.797178613186857,0.005155102592715135,0.25686483336626276,TRGV5
ENSG00000211714,169.5829132495491,-1.1271731685831947,0.39725746124165134,-2.837387031221892,0.004548443944734445,0.23790223767078877,TRBV7-3
ENSG00000212128,59.363850178692104,-1.244973660009887,0.5649539717286571,-2.203672727887004,0.027547368458252647,0.6613923693543071,TAS2R13
ENSG00000213386,16.0020655853392,-3.3749787122830655,1.0707328243133876,-3.152026944207381,0.0016214131074072007,,RP11-779O18.2
ENSG00000213809,59.499084716128024,-1.2814260643281477,0.553043869114549,-2.3170423467125225,0.02050142509466699,0.5753695806272259,KLRK1
ENSG00000214338,75.70231629673869,-1.26772215172328,0.4511993504563017,-2.809671934237542,0.004959202247532261,0.250593813005246,SOGA3
ENSG00000214756,375.3723089496237,-1.0178760981015214,0.2622108819081328,-3.881898762913053,0.00010364402660938805,0.01872711462614882,METTL12
ENSG00000214892,17.84412807781279,-2.7232987134320656,0.9544481868646054,-2.853270351299209,0.004327179108060737,0.22833209405601906,USP8P
ENSG00000214940,69.0938921298098,-6.219040447076139,3.0848277352464635,-2.0160089900706457,0.04379903572655402,0.8317930155324633,NPIPA8
ENSG00000215030,123.2675723899722,-5.85093872166446,2.289374113336478,-2.5556935791230053,0.01059763961816353,0.39411762471873013,RPL13P12
ENSG00000215458,48.49222783461461,-1.2992641956960975,0.6007089961888741,-2.162884531344,0.03055006180619438,0.6934863366132002,AP001053.11
ENSG00000216490,475.7247487735741,-1.202158486661095,0.29916020138827676,-4.0184439009011985,5.85837528917569e-05,0.012328778490914676,IFI30
ENSG00000220412,16.30309065032598,-2.7346327168589153,1.0705936012584927,-2.554314460355759,0.010639711781337281,,RP11-95M15.2
ENSG00000223839,61.32489613959591,-1.5611338352921345,0.5784644876891297,-2.698754838916053,0.0069599427568665185,0.30540368934898765,FAM95B1
ENSG00000225760,14.00630121421247,-3.787025691162858,1.3950716126110374,-2.7145744038723594,0.0066360991627804474,,RP11-365P13.3
ENSG00000227191,533.1478432893435,-2.2962568180899354,1.075411964650569,-2.1352345831823176,0.032741853355417384,0.7151236542389575,TRGC2
ENSG00000227827,407.51167003653586,-2.278614696151246,1.1126624296878447,-2.047893984153403,0.0405703884618739,0.804571074064302,RP11-958N24.2
ENSG00000227920,50.111190677745384,-3.8293523650400427,0.6724535769490572,-5.6945973615218675,1.236634029339152e-08,1.2289394176010419e-05,RP1-153P14.5
ENSG00000228397,25.58458893750021,-2.0605382851633576,0.8011327712639892,-2.5720309530121184,0.010110385199067097,0.3839799797046969,RP1-224A6.3
ENSG00000228439,22.030012677132557,-2.3807051681230726,0.9351802191742826,-2.5457180544570503,0.010905322987821773,0.4012133281037966,TSTD3
ENSG00000228668,27.596469651306197,-2.2062537190356437,0.8794829093100266,-2.50858054850264,0.012121732810507583,0.4268377096739363,TRGV5P
ENSG00000228966,6.799798130913039,-4.813780415644919,2.0020302787873474,-2.4044493565605216,0.016196850238323734,,AB019438.63
ENSG00000229598,31.264635419079625,-2.8870735973731536,0.7420229107686337,-3.8908146304843103,9.990823770507424e-05,0.018424315011014103,RP3-508I15.16
ENSG00000230368,65.61641796923747,-1.0411429850457543,0.48057292358675924,-2.166462016368248,0.03027589937455969,0.6927711790124862,FAM41C
ENSG00000230778,20.58035207513816,-3.5521695635089294,1.0153029208851505,-3.498630300809255,0.00046765452231739145,0.05222167364613208,ANKRD63
ENSG00000230847,14.58427803416755,-7.400660669549479,2.600184619500743,-2.8462058478641667,0.004424358419594953,,RP11-195E2.1
ENSG00000231416,47.6767502662934,-1.6913567204508875,0.5822367580608215,-2.904929475912967,0.0036733585841657998,0.2066321960803705,RP11-422P24.9
ENSG00000231507,12.950241867186636,-2.3822251188094374,1.1139845331313567,-2.138472346750738,0.0324784261805806,,RP11-134P9.3
ENSG00000232629,105.70776504466558,-1.7136303712266643,0.5057838255004445,-3.3880687456367826,0.000703866201876307,0.06880195966755946,HLA-DQB2
ENSG00000232671,24.35317749376887,-1.9021108655534802,0.7787009273496082,-2.4426718894858874,0.014578985133687558,0.4707380615007275,RP11-126K1.2
ENSG00000232810,672.9863973048662,-1.3376595858995106,0.25970528533855375,-5.1506829526235,2.5953961299937455e-07,0.0001365483705097886,TNF
ENSG00000233306,32.56952017238222,-1.658454317232906,0.8274416568839185,-2.004315716323151,0.04503625137611141,0.8418783451350614,TRGV2
ENSG00000234290,307.7811088921993,-2.0940443496451806,0.35895388655920946,-5.8337419597761295,5.41979178189508e-09,5.702896199678776e-06,AC116366.6
ENSG00000234665,17.379956979158386,-2.2389370989358137,1.0601005493625437,-2.112004470030814,0.034686065895068736,0.737769734519607,RP11-262H14.3
ENSG00000234832,12.14977853432617,-2.27593100241814,1.1513420204906912,-1.976763604483192,0.0480683574587999,,RP3-322G13.7
ENSG00000235568,216.8429280793602,-1.2788206308822516,0.3789071272339835,-3.3750239543331464,0.0007380926599307233,0.07036706490799771,NFAM1
ENSG00000235785,76.13776876695928,-1.825745164334528,0.5486336892068318,-3.327803596920991,0.0008753355405063688,0.07879106462071159,AL109767.1
ENSG00000237054,96.18686332273873,-2.2150008621056423,0.4388649227689378,-5.0471130117451635,4.4853606139141824e-07,0.00022924037331913398,AL132780.10
ENSG00000237436,9.174637329375686,-2.7641067248982014,1.3535494385945437,-2.0421172999549304,0.04113989722073381,,RP11-312B8.1
ENSG00000237649,63.380007542994505,-1.129584413754482,0.5403968718237677,-2.0902867367501305,0.03659204998838159,0.7620006870688822,KIFC1
ENSG00000239704,224.91807850060673,-1.43332881572052,0.3607065616149596,-3.973669925224547,7.077362483299538e-05,0.014224703382164286,CDRT4
ENSG00000240403,24.911552866333135,-1.9408790071218927,0.8038254070151666,-2.4145529491645843,0.01575453292496646,0.49355006122907186,KIR3DL2
ENSG00000240457,7.587706525352028,-4.974032315406162,1.96220309211583,-2.534922269459222,0.011247227989420834,,RN7SL472P
ENSG00000241020,5.798685663851837,-6.080800026843186,2.8524969000097764,-2.131746410249331,0.033027699286006684,,RP11-727A23.1
ENSG00000241399,295.4944828238189,-1.0292511704750917,0.27673038028278446,-3.7193284287157904,0.00019975317899242483,0.028358610046162663,CD302
ENSG00000241458,8.070050871081934,-6.557536631811874,2.7329954170758586,-2.3993953999484003,0.01642217097208801,,RP11-461O14.1
ENSG00000242574,212.7854757937404,-1.0802291358255653,0.326326282543516,-3.3102731640425427,0.0009320496305251673,0.08108935954934406,HLA-DMB
ENSG00000243033,17.601087002068894,-2.021340073355259,0.9450322829834695,-2.138911135367654,0.032442866042948375,0.7120711506457185,RP11-16P13.1
ENSG00000243414,24.631111417427483,-1.8386293630167339,0.7837493742256867,-2.345940454285181,0.01897913929555349,0.5529297128971674,TICAM2
ENSG00000244306,81.45263726387978,-1.2851237603934735,0.4998793993516982,-2.5708676173896574,0.010144409668157854,0.38445593250849086,DUXAP10
ENSG00000244482,56.30656724119933,-1.6064639163238186,0.554703790605672,-2.896075245077642,0.003778617857302198,0.21122473822319288,LILRA6
ENSG00000244623,11.396160711546095,-2.3519253745399253,1.166546503535755,-2.016143692009993,0.04378495240506577,,OR2AE1
ENSG00000245848,92.29867404745029,-1.0251539351736594,0.45014514191722305,-2.277385313562207,0.02276322633946346,0.6041373779826741,CEBPA
ENSG00000246082,20.848743705636732,-2.1018849921202523,0.876057846896019,-2.3992536560998685,0.016428529844710434,0.5040712553382165,NUDT16P1
ENSG00000246350,79.74437357358855,-1.3441448473234563,0.5863303280742082,-2.292470273093798,0.021878521012678127,0.5884922915691915,RP5-1186N24.3
ENSG00000248871,95.66451763070971,-1.2529896974688943,0.4716846276930572,-2.656414103629134,0.007897656770701521,0.3300777670895066,TNFSF12-TNFSF13
ENSG00000249741,12.37533405443544,-4.691651828308331,1.5354731553104377,-3.0555088586747616,0.0022467896544017723,,RP11-673E1.3
ENSG00000249978,15.623279664122766,-3.651972297203075,1.1894817096437107,-3.0702214818393143,0.0021390008460897016,,TRGV7
ENSG00000250138,77.66843699532238,-1.3206595678907593,0.5440674298879797,-2.427382150338746,0.015208226935918757,0.48139887520921376,RP11-848G14.5
ENSG00000253590,9.383399574517,-3.2031204882494526,1.4491009085187245,-2.210419211953771,0.027076081669932795,,IGLV3-13
ENSG00000253626,12.288495230761182,-2.473033455963226,1.1368413704254134,-2.1753549090475137,0.029603530731403933,,EIF5AL1
ENSG00000254087,222.74459894471235,-1.3033751857792202,0.35723416812697845,-3.648517700904627,0.00026375773305355475,0.03485434315347614,LYN
ENSG00000254512,9.323974661998312,-6.75996765577298,2.668170020931257,-2.533559556828236,0.011291055124056044,,RP11-472I20.2
ENSG00000254715,4.755645580962913,-5.789594696716116,2.9189763561482707,-1.983433228063472,0.047319058614859105,,OR7E154P
ENSG00000255569,79.23237283235513,-1.3921414395976888,0.6237565703947165,-2.2318665737127774,0.025623782693511316,0.6330914707479702,TRAV1-1
ENSG00000255587,12.409250304789792,-2.716354179659321,1.130272131610964,-2.403274489115937,0.016248985600611204,,RAB44
ENSG00000255847,33.22376438993586,-3.313919210222721,0.740138385628474,-4.477431889184847,7.554631851824647e-06,0.002370829027463847,RP11-167N4.2
ENSG00000255966,5.252100256817788,-4.437603052133645,2.1501102870905657,-2.0638955493480355,0.03902762082901047,,RP5-940J5.3
ENSG00000256690,13.731290913308568,-2.2825068424591364,1.0586433559342612,-2.1560677915413793,0.03107837205097917,,RP11-727F15.9
ENSG00000257084,6.574616932108333,-3.7257613290619904,1.7460724771284033,-2.13379534805416,0.032859536874009714,,U47924.27
ENSG00000257702,35.79606924696766,-2.496010129527066,0.7526949142348567,-3.316098039621214,0.000912837992271467,0.08004336277329413,LBX2-AS1
ENSG00000259003,111.80925737561617,-2.3708626046797594,0.4547879189663351,-5.213116940459578,1.856937534509652e-07,0.00010299238498577483,AE000662.92
ENSG00000259845,32.07879396646154,-3.9953823443105323,0.9029871899991088,-4.424627933331452,9.660863967742259e-06,0.0029290429602537886,RP5-1086D14.5
ENSG00000260101,30.050751307186022,-1.484363101123438,0.7178451966684621,-2.0678039053718056,0.03865846631652035,0.7838687621302421,RP11-568N6.1
ENSG00000260482,57.287970345476126,-1.4590747199426608,0.5382695760858941,-2.7106765545854103,0.006714609036154189,0.2978451775489759,CTD-2196E14.9
ENSG00000260852,136.45365925079943,-1.0110233684559278,0.3530325401995862,-2.863824869753785,0.004185593569253249,0.22619908690876775,FBXL19-AS1
ENSG00000261135,83.371853148305,-1.345899871787267,0.5291250353038719,-2.543632944932058,0.010970630012285989,0.4015633903518336,RP4-798A10.7
ENSG00000261758,54.295741388308244,-1.5590575031155598,0.5648392147167646,-2.7601792908400316,0.005776964760723331,0.27338186677200776,RP11-102M11.2
ENSG00000264772,572.5502503456133,-1.3865362118886164,0.22696992024045146,-6.108898529019718,1.0032108232884743e-09,1.2999365230820738e-06,RP11-186B7.4
ENSG00000265817,81.14511385012358,-1.231015254745855,0.49570875291722405,-2.4833437931071116,0.01301554046737091,0.4443167707639901,FSBP
ENSG00000267261,14.854484909246484,-7.432334124150085,2.564375812869341,-2.898301445073244,0.0037518978828161038,,CTD-2132N18.3
ENSG00000267549,15.092637143980335,-2.8139121169577983,1.0966449275982737,-2.5659281743275426,0.010290013335681506,,AC006116.17
ENSG00000268643,49.969223102505886,-1.3384657832116964,0.6160571475412169,-2.172632504230701,0.029807987463135673,0.6910748157322543,AC006486.9
ENSG00000268995,6.465061288410469,-6.230452247389617,2.7889882250112206,-2.2339471323384847,0.025486551840552377,,VN1R82P
ENSG00000270020,31.463294871008202,-1.6852782568414664,0.6893598016978043,-2.4447005071819436,0.014497247193025175,0.46924520675617115,RP11-463O9.9
ENSG00000270025,4.996190872516106,-5.861318024919903,2.8955925082641802,-2.0242206070748487,0.04294745820074236,,BMS1P7
ENSG00000270141,365.2865478764138,-1.120979173625509,0.2947831787299689,-3.8027243564408497,0.00014311356057148753,0.02336802046705989,TERC
ENSG00000270361,63.6002046073266,-1.6943841984973336,0.5066750871197961,-3.3441237620919786,0.000825429055067613,0.0761096646239663,RP11-307C12.13
ENSG00000270607,6.870422473762473,-3.8033023101930756,1.8086764292667297,-2.1028096837282297,0.03548240919299582,,RP11-359E10.1
ENSG00000271998,8.070050871081934,-6.557536631811874,2.7329954170758586,-2.3993953999484003,0.01642217097208801,,CTD-2199O4.7
ENSG00000272256,134.99720123356036,-1.2160106970603506,0.3758027780034721,-3.235768249294622,0.0012131583606174521,0.09702070263792935,RP11-489E7.4
ENSG00000272372,11.403598854006288,-2.3354133954816767,1.174919099621224,-1.9877227259600923,0.04684236407098936,,RP11-441F2.5
ENSG00000272384,29.087491797945678,-1.7116141302921335,0.7629717449860671,-2.2433519216670206,0.024874129636442165,0.6271674425090387,RP11-44N11.2
ENSG00000272426,56.81322126771192,-1.9042513266340713,0.5414249081343455,-3.5171106796615335,0.00043627182590772097,0.04970720013909116,RP11-108M9.6
ENSG00000272787,18.84330624264013,-3.41371725436109,1.039286632034976,-3.284673495392564,0.0010210061523215747,0.08614980213551099,KB-226F1.2
ENSG00000273599,86.46238872562036,-1.1456317755978016,0.4717629552813192,-2.4284055430224374,0.01516537490058719,0.48139887520921376,RP11-59C5.3
ENSG00000273983,215.71410403371192,-1.228494601169686,0.33803937143446944,-3.6341760900707265,0.00027887035886324545,0.03537895730032436,HIST1H3G
ENSG00000274049,14.958911034022577,-7.4381298249393275,2.58266157193417,-2.8800249733722834,0.003976436720663981,,INO80B-WBP1
ENSG00000274270,174.33876232144644,-1.1131153861266785,0.33445493136099586,-3.3281476269376067,0.0008742552534795326,0.07879106462071159,RP11-34F20.7
ENSG00000274333,120.1936392360547,-2.0065155742436245,0.39969482023602104,-5.020119032462744,5.163947006411093e-07,0.0002565907890296712,RP11-717F1.2
ENSG00000274419,9.428400786774404,-6.769937997866346,2.7277477119088442,-2.481878352719367,0.013069188313520412,,TBC1D3D
ENSG00000274944,11.795024146925115,-3.9988210960365667,1.6355341067293023,-2.444963440128621,0.014486682622325301,,RP5-864K19.6
ENSG00000275496,5.944074547951626,-4.609092286532059,2.1324485958278045,-2.161408390124797,0.03066380656720485,,CH507-24F1.2
ENSG00000275895,1392.7626112738471,-1.7328634570586074,0.20216928100273254,-8.571348962927685,1.022797975981007e-17,9.147905097174127e-14,U2AF1L5
ENSG00000276368,177.7216874206073,-1.1666522108753827,0.38920179557775647,-2.9975509469156694,0.0027215836459763922,0.1726586769594401,HIST1H2AJ
ENSG00000276651,86.87517200522868,-1.8174060448890643,0.4420308955657096,-4.111490991061053,3.931122165123568e-05,0.00920237259896783,AC007950.2
ENSG00000276903,144.6625004924451,-1.2529977055998327,0.3620592988038188,-3.4607527268033715,0.0005386673506793453,0.057355247434238865,HIST1H2AL
ENSG00000277443,78.85153852358486,-1.3815318854091976,0.501315046452468,-2.755815719447365,0.0058545971631716156,0.2759581193814392,MARCKS
ENSG00000277775,243.24419794010038,-1.0334931917763874,0.3054906609488473,-3.3830598571045685,0.0007168300696316634,0.06931165559768213,HIST1H3F
ENSG00000278272,295.77694956127345,-1.0121310954592728,0.2775001613421845,-3.6473171423176844,0.00026499276995039996,0.03485434315347614,HIST1H3C
ENSG00000279058,10.98016157782019,-6.995264489819109,2.627568086649647,-2.6622581258164897,0.007761833090978728,,AGAP14P
ENSG00000279166,21.262609635420162,-1.7513583238322996,0.8932088391763409,-1.9607489839076027,0.049908311876161536,0.8847577179143533,RP11-107E5.3
ENSG00000279191,87.55424608987911,-1.4325573219518781,0.43814315709833124,-3.2696101690579944,0.001076957906188832,0.08878987945680981,RP11-803D5.1
ENSG00000279584,21.97428810131618,-1.8879364361659352,0.8344925499685867,-2.262376621860799,0.023674144059872816,0.6124317667523391,AC005593.2
ENSG00000279884,106.75673357855413,-1.1825537414468517,0.4786327530098377,-2.4706912220496235,0.013485220065309805,0.45513889910992794,RP11-483E17.1
ENSG00000279942,81.43937389555833,-3.8288663605634676,0.5421016304645825,-7.063004693939251,1.629402163980614e-12,5.753798073989177e-09,RP1-153P14.7
ENSG00000280003,18.518731281739694,-2.2276615760934355,0.9146498714516325,-2.435534782897782,0.014869794903903413,0.478400883527022,RP11-330H6.6
ENSG00000280164,15.166533984968067,-3.3094287785527587,1.1121687230352708,-2.975653522714471,0.002923649712565875,,CH507-254M2.3
ENSG00000282885,71.12333752627305,-1.3396859818887037,0.47955438031987196,-2.7936059743529134,0.005212394707657322,0.2588963211524501,RP11-596C23.6
ENSG00000283078,124.36716261063938,-1.9189941822134204,0.4194147633780358,-4.575409236330939,4.752899922978082e-06,0.0016041485626836214,RP11-11M20.4
ENSG00000284491,11.465315077877108,-7.065845218816272,2.70668409044972,-2.6105171430044023,0.00904054406698765,,CTD-2265O21.8
ENSG00000284600,14.056053034861284,-7.358217742225017,2.602996344358558,-2.82682599926519,0.00470118650532761,,RP11-755H23.1
ENSG00000284874,17.475112404707637,-2.281775816227576,1.1284751889880802,-2.021999099753072,0.043176444863840174,0.829820783228375,SEPT5-GP1BB
ENSG00000285292,223.2391336848072,-1.2402654028879874,0.338647075212904,-3.662412858898147,0.000249850756784425,0.03385856316181662,RP4-548D19.5
