Gene_set,Term,P-value,Adjusted P-value,Old P-value,Old adjusted P-value,Odds Ratio,Combined Score,Genes
GO_Biological_Process_2023,Regulation Of Mast Cell Degranulation (GO:0043304),0.00011635100282633126,0.01931426646917099,0,0,154.35119047619048,1398.251852648312,FGR;CD300A
Reactome_2022,TNFs Bind Their Physiological Receptors R-HSA-5669034,0.0003805596881513369,0.020930782848323528,0,0,80.4968944099379,633.8218827808952,EDARADD;TNFSF9
GO_Biological_Process_2023,Negative Regulation Of Immune Response (GO:0050777),0.0021896640522727816,0.0769179482691004,0,0,31.87807881773399,195.2215825350503,FGR;CD300A
GO_Biological_Process_2023,Regulation Of B Cell Proliferation (GO:0030888),0.0011837901235345722,0.0769179482691004,0,0,44.04931972789116,296.84986414954125,CD300A;CD320
GO_Biological_Process_2023,Cobalamin Transport (GO:0015889),0.005762271191870534,0.0769179482691004,0,0,223.61206896551724,1153.0385447050762,CD320
GO_Biological_Process_2023,Negative Regulation Of B Cell Receptor Signaling Pathway (GO:0050859),0.005762271191870534,0.0769179482691004,0,0,223.61206896551724,1153.0385447050762,CD300A
GO_Biological_Process_2023,Negative Regulation Of Myeloid Leukocyte Mediated Immunity (GO:0002887),0.005762271191870534,0.0769179482691004,0,0,223.61206896551724,1153.0385447050762,CD300A
GO_Biological_Process_2023,DNA Methylation Involved In Embryo Development (GO:0043045),0.0046123857233354324,0.0769179482691004,0,0,298.1609195402299,1603.8105813379998,ZFP57
GO_Biological_Process_2023,Regulation Of Activation Of Janus Kinase Activity (GO:0010533),0.006910873396148074,0.0769179482691004,0,0,178.88275862068966,889.8807704140276,CD300A
GO_Biological_Process_2023,Regulation Of Antigen Receptor-Mediated Signaling Pathway (GO:0050854),0.006910873396148074,0.0769179482691004,0,0,178.88275862068966,889.8807704140276,CD300A
GO_Biological_Process_2023,Regulation Of Gene Expression By Genomic Imprinting (GO:0006349),0.00805819353356309,0.0769179482691004,0,0,149.0632183908046,718.6435953916499,ZFP57
GO_Biological_Process_2023,DNA Cytosine Deamination (GO:0070383),0.00920423285950677,0.0769179482691004,0,0,127.76354679802955,598.9672370170958,APOBEC3G
GO_Biological_Process_2023,Negative Regulation Of Leukocyte Degranulation (GO:0043301),0.00920423285950677,0.0769179482691004,0,0,127.76354679802955,598.9672370170958,CD300A
GO_Biological_Process_2023,Dendrite Self-Avoidance (GO:0070593),0.00920423285950677,0.0769179482691004,0,0,127.76354679802955,598.9672370170958,PALLD
GO_Biological_Process_2023,Negative Regulation Of Alpha-Beta T Cell Activation (GO:0046636),0.00920423285950677,0.0769179482691004,0,0,127.76354679802955,598.9672370170958,CD300A
GO_Biological_Process_2023,Negative Regulation Of Leukocyte Migration (GO:0002686),0.006910873396148074,0.0769179482691004,0,0,178.88275862068966,889.8807704140276,CD300A
GO_Biological_Process_2023,"Regulation Of Phagocytosis, Engulfment (GO:0060099)",0.010348992662297414,0.0769179482691004,0,0,111.78879310344827,510.9716037863209,CD300A
GO_Biological_Process_2023,Negative Regulation Of B Cell Proliferation (GO:0030889),0.011492474255947342,0.0769179482691004,0,0,99.3639846743295,443.76580260510195,CD300A
GO_Biological_Process_2023,Cytidine To Uridine Editing (GO:0016554),0.011492474255947342,0.0769179482691004,0,0,99.3639846743295,443.76580260510195,APOBEC3G
GO_Biological_Process_2023,Positive Regulation Of Mitochondrial Outer Membrane Permeabilization Involved In Apoptotic Signaling Pathway (GO:1901030),0.011492474255947342,0.0769179482691004,0,0,99.3639846743295,443.76580260510195,GZMB
GO_Biological_Process_2023,Regulation Of Lymphocyte Proliferation (GO:0050670),0.013775608110280266,0.0769179482691004,0,0,81.29153605015674,348.32250802673207,TNFSF9
GO_Biological_Process_2023,Negative Regulation Of Single Stranded Viral RNA Replication Via Double Stranded DNA Intermediate (GO:0045869),0.013775608110280266,0.0769179482691004,0,0,81.29153605015674,348.32250802673207,APOBEC3G
GO_Biological_Process_2023,DNA Deamination (GO:0045006),0.013775608110280266,0.0769179482691004,0,0,81.29153605015674,348.32250802673207,APOBEC3G
GO_Biological_Process_2023,Negative Regulation Of Toll-Like Receptor Signaling Pathway (GO:0034122),0.013775608110280266,0.0769179482691004,0,0,81.29153605015674,348.32250802673207,CD300A
GO_Biological_Process_2023,Positive Regulation Of Leukocyte Degranulation (GO:0043302),0.013775608110280266,0.0769179482691004,0,0,81.29153605015674,348.32250802673207,FGR
GO_Biological_Process_2023,Regulation Of Transposition (GO:0010528),0.013775608110280266,0.0769179482691004,0,0,81.29153605015674,348.32250802673207,APOBEC3G
GO_Biological_Process_2023,Immune Response-Regulating Cell Surface Receptor Signaling Pathway (GO:0002768),0.014915263048902361,0.0769179482691004,0,0,74.51436781609195,313.3605037214499,FGR
GO_Biological_Process_2023,Negative Regulation Of Immune Effector Process (GO:0002698),0.014915263048902361,0.0769179482691004,0,0,74.51436781609195,313.3605037214499,CD300A
GO_Biological_Process_2023,Negative Regulation Of RNA Biosynthetic Process (GO:1902679),0.014915263048902361,0.0769179482691004,0,0,74.51436781609195,313.3605037214499,APOBEC3G
GO_Biological_Process_2023,Negative Regulation Of Phagocytosis (GO:0050765),0.014915263048902361,0.0769179482691004,0,0,74.51436781609195,313.3605037214499,CD300A
GO_Biological_Process_2023,Negative Regulation Of Inflammatory Response To Antigenic Stimulus (GO:0002862),0.016053645120942955,0.0769179482691004,0,0,68.77984084880637,284.18587695498377,FGR
GO_Biological_Process_2023,Regulation Of Mast Cell Activation Involved In Immune Response (GO:0033006),0.010348992662297414,0.0769179482691004,0,0,111.78879310344827,510.9716037863209,CD300A
GO_Biological_Process_2023,Regulation Of Single Stranded Viral RNA Replication Via Double Stranded DNA Intermediate (GO:0045091),0.017190755674221538,0.0769179482691004,0,0,63.864532019704434,259.5060856726765,APOBEC3G
GO_Biological_Process_2023,Regulation Of Inflammatory Response To Antigenic Stimulus (GO:0002861),0.017190755674221538,0.0769179482691004,0,0,63.864532019704434,259.5060856726765,FGR
GO_Biological_Process_2023,Positive Regulation Of Phosphoprotein Phosphatase Activity (GO:0032516),0.018326596060414483,0.0769179482691004,0,0,59.60459770114942,238.38274353415582,CD300A
GO_Biological_Process_2023,Negative Regulation Of Fibroblast Proliferation (GO:0048147),0.018326596060414483,0.0769179482691004,0,0,59.60459770114942,238.38274353415582,CD300A
GO_Biological_Process_2023,Negative Regulation Of Leukocyte Activation (GO:0002695),0.018326596060414483,0.0769179482691004,0,0,59.60459770114942,238.38274353415582,CD300A
GO_Biological_Process_2023,Retrotransposon Silencing (GO:0010526),0.018326596060414483,0.0769179482691004,0,0,59.60459770114942,238.38274353415582,APOBEC3G
GO_Biological_Process_2023,Regulation Of B Cell Receptor Signaling Pathway (GO:0050855),0.018326596060414483,0.0769179482691004,0,0,59.60459770114942,238.38274353415582,CD300A
GO_Biological_Process_2023,Positive Regulation Of Activated T Cell Proliferation (GO:0042104),0.019461167634350702,0.0769179482691004,0,0,55.877155172413794,220.11878849562956,TNFSF9
GO_Biological_Process_2023,Negative Regulation Of B Cell Activation (GO:0050869),0.019461167634350702,0.0769179482691004,0,0,55.877155172413794,220.11878849562956,CD300A
GO_Biological_Process_2023,Placenta Development (GO:0001890),0.019461167634350702,0.0769179482691004,0,0,55.877155172413794,220.11878849562956,ASCL2
GO_Biological_Process_2023,Base Conversion Or Substitution Editing (GO:0016553),0.016053645120942955,0.0769179482691004,0,0,68.77984084880637,284.18587695498377,APOBEC3G
GO_Biological_Process_2023,DNA Methylation (GO:0006306),0.021726509749926556,0.07963615226945454,0,0,49.66475095785441,190.17736278214204,ZFP57
GO_Biological_Process_2023,Positive Regulation Of Phosphatidylinositol 3-Kinase Activity (GO:0043552),0.02285728300098254,0.07963615226945454,0,0,47.04900181488203,177.77397027798372,FGR
GO_Biological_Process_2023,Natural Killer Cell Mediated Immunity (GO:0002228),0.02285728300098254,0.07963615226945454,0,0,47.04900181488203,177.77397027798372,GZMB
GO_Biological_Process_2023,Positive Regulation Of Phosphatase Activity (GO:0010922),0.02285728300098254,0.07963615226945454,0,0,47.04900181488203,177.77397027798372,CD300A
GO_Biological_Process_2023,Fc-gamma Receptor Signaling Pathway Involved In Phagocytosis (GO:0038096),0.021726509749926556,0.07963615226945454,0,0,49.66475095785441,190.17736278214204,FGR
GO_Biological_Process_2023,Fc Receptor Mediated Stimulatory Signaling Pathway (GO:0002431),0.023986792852245344,0.07963615226945454,0,0,44.6948275862069,166.72296543095584,FGR
GO_Biological_Process_2023,Negative Regulation Of Transposition (GO:0010529),0.023986792852245344,0.07963615226945454,0,0,44.6948275862069,166.72296543095584,APOBEC3G
GO_Biological_Process_2023,Natural Killer Cell Mediated Cytotoxicity (GO:0042267),0.023986792852245344,0.07963615226945454,0,0,44.6948275862069,166.72296543095584,GZMB
GO_Biological_Process_2023,Negative Regulation Of Macroautophagy (GO:0016242),0.025115040661645823,0.08112584683483465,0,0,42.56486042692939,156.8212207848684,LZTS1
GO_Biological_Process_2023,Positive Regulation Of Lipid Kinase Activity (GO:0090218),0.02624202777898897,0.08112584683483465,0,0,40.62852664576803,147.90380561571288,FGR
GO_Biological_Process_2023,Negative Regulation Of Antigen Receptor-Mediated Signaling Pathway (GO:0050858),0.0273677555587394,0.08112584683483465,0,0,38.86056971514243,139.83547624699497,CD300A
GO_Biological_Process_2023,Positive Regulation Of Defense Response To Virus By Host (GO:0002230),0.0273677555587394,0.08112584683483465,0,0,38.86056971514243,139.83547624699497,APOBEC3G
GO_Biological_Process_2023,Fc-gamma Receptor Signaling Pathway (GO:0038094),0.02624202777898897,0.08112584683483465,0,0,40.62852664576803,147.90380561571288,FGR
GO_Biological_Process_2023,Pyroptosis (GO:0070269),0.0273677555587394,0.08112584683483465,0,0,38.86056971514243,139.83547624699497,GZMB
GO_Biological_Process_2023,Regulation Of Dendrite Morphogenesis (GO:0048814),0.030737396379072388,0.08689323138404846,0,0,34.37267904509284,119.69512926063688,LZTS1
GO_Biological_Process_2023,Regulation Of Phosphatidylinositol 3-Kinase Activity (GO:0043551),0.03185810031601279,0.08689323138404846,0,0,33.098339719029376,114.07222313707753,FGR
GO_Biological_Process_2023,Negative Regulation Of Peptidyl-Tyrosine Phosphorylation (GO:0050732),0.030737396379072388,0.08689323138404846,0,0,34.37267904509284,119.69512926063688,CD300A
GO_Biological_Process_2023,Positive Regulation Of Protein Dephosphorylation (GO:0035307),0.03297755166984972,0.08689323138404846,0,0,31.915024630541872,108.8917725859954,CD300A
GO_Biological_Process_2023,Regulation Of Response To Biotic Stimulus (GO:0002831),0.03297755166984972,0.08689323138404846,0,0,31.915024630541872,108.8917725859954,FGR
GO_Biological_Process_2023,Positive Regulation Of B Cell Proliferation (GO:0030890),0.03297755166984972,0.08689323138404846,0,0,31.915024630541872,108.8917725859954,CD320
GO_Biological_Process_2023,Vitamin Transport (GO:0051180),0.03297755166984972,0.08689323138404846,0,0,31.915024630541872,108.8917725859954,CD320
GO_Biological_Process_2023,Regulation Of Activated T Cell Proliferation (GO:0046006),0.03409575178222596,0.08843585618514858,0,0,30.81331747919144,104.10533469741627,TNFSF9
GO_Biological_Process_2023,Negative Regulation Of Lymphocyte Proliferation (GO:0050672),0.036328403683535404,0.09007991962933697,0,0,28.82313681868743,95.5531768929457,CD300A
GO_Biological_Process_2023,Regulation Of Defense Response To Virus By Host (GO:0050691),0.03744285815918223,0.09007991962933697,0,0,27.92133620689655,91.71989435110197,APOBEC3G
GO_Biological_Process_2023,Positive Regulation Of Establishment Of Protein Localization To Mitochondrion (GO:1903749),0.036328403683535404,0.09007991962933697,0,0,28.82313681868743,95.5531768929457,GZMB
GO_Biological_Process_2023,Regulation Of Nervous System Development (GO:0051960),0.03744285815918223,0.09007991962933697,0,0,27.92133620689655,91.71989435110197,ASCL2
GO_Biological_Process_2023,Regulation Of Dendrite Development (GO:0050773),0.03744285815918223,0.09007991962933697,0,0,27.92133620689655,91.71989435110197,LZTS1
GO_Biological_Process_2023,Regulation Of Phosphoprotein Phosphatase Activity (GO:0043666),0.03855606677447106,0.09014517020510135,0,0,27.074190177638453,88.14386570858133,CD300A
GO_Biological_Process_2023,Regulation Of T Cell Receptor Signaling Pathway (GO:0050856),0.03855606677447106,0.09014517020510135,0,0,27.074190177638453,88.14386570858133,CD300A
GO_Biological_Process_2023,Defense Response To Gram-positive Bacterium (GO:0050830),0.040778751792028285,0.09401767774273187,0,0,25.52512315270936,81.67003401909656,FGR
Reactome_2022,Transport Of RCbl Within Body R-HSA-9758890,0.006910873396148074,0.09502450919703602,0,0,178.88275862068966,889.8807704140276,CD320
Reactome_2022,APOBEC3G Mediated Resistance To HIV-1 R-HSA-180689,0.005762271191870534,0.09502450919703602,0,0,223.61206896551724,1153.0385447050762,APOBEC3G
Reactome_2022,TNFR2 Non-Canonical NF-kB Pathway R-HSA-5668541,0.00549771609340995,0.09502450919703602,0,0,19.64209726443769,102.20613141727901,EDARADD;TNFSF9
Reactome_2022,Defects In Cobalamin (B12) Metabolism R-HSA-3296469,0.012634678958891497,0.09927247753414747,0,0,89.42413793103448,390.9006236700246,CD320
Reactome_2022,FCGR Activation R-HSA-2029481,0.012634678958891497,0.09927247753414747,0,0,89.42413793103448,390.9006236700246,FGR
Reactome_2022,NOTCH2 Intracellular Domain Regulates Transcription R-HSA-2197563,0.012634678958891497,0.09927247753414747,0,0,89.42413793103448,390.9006236700246,GZMB
GO_Biological_Process_2023,Negative Regulation Of MAP Kinase Activity (GO:0043407),0.046313755599187593,0.10494972749522942,0,0,22.330172413793104,68.60535190357574,CD300A
GO_Biological_Process_2023,Regulation Of Cell Development (GO:0060284),0.047417045555073534,0.10494972749522942,0,0,21.784693019343987,66.41659487143644,ASCL2
GO_Biological_Process_2023,Regulation Of Fibroblast Proliferation (GO:0048145),0.047417045555073534,0.10494972749522942,0,0,21.784693019343987,66.41659487143644,CD300A
Reactome_2022,"Cobalamin (Cbl, Vitamin B12) Transport And Metabolism R-HSA-196741",0.016053645120942955,0.10703642198892886,0,0,68.77984084880637,284.18587695498377,CD320
Reactome_2022,Defects In Vitamin And Cofactor Metabolism R-HSA-3296482,0.019461167634350702,0.10703642198892886,0,0,55.877155172413794,220.11878849562956,CD320
Reactome_2022,Platelet Sensitization By LDL R-HSA-432142,0.018326596060414483,0.10703642198892886,0,0,59.60459770114942,238.38274353415582,FGR
GO_Biological_Process_2023,Sensory Organ Development (GO:0007423),0.04961992530984992,0.10838036317677745,0,0,20.769847634322375,62.37938787043125,ASCL2
GO_Biological_Process_2023,Peptidyl-Tyrosine Modification (GO:0018212),0.05071951778387508,0.1084431161896868,0,0,20.297021943573668,60.514443959293274,FGR
GO_Biological_Process_2023,RNA Modification (GO:0009451),0.051817880410084255,0.1084431161896868,0,0,19.84521072796935,58.742220810151416,APOBEC3G
GO_Biological_Process_2023,Regulation Of Phagocytosis (GO:0050764),0.05291501452629295,0.1084431161896868,0,0,19.41304347826087,57.05625781870195,FGR
GO_Biological_Process_2023,Negative Regulation Of Viral Genome Replication (GO:0045071),0.05291501452629295,0.1084431161896868,0,0,19.41304347826087,57.05625781870195,APOBEC3G
GO_Biological_Process_2023,Homophilic Cell Adhesion Via Plasma Membrane Adhesion Molecules (GO:0007156),0.05291501452629295,0.1084431161896868,0,0,19.41304347826087,57.05625781870195,PALLD
Reactome_2022,Interleukin-37 Signaling R-HSA-9008059,0.021726509749926556,0.10863254874963278,0,0,49.66475095785441,190.17736278214204,PTPN7
GO_Biological_Process_2023,Positive Regulation Of B Cell Activation (GO:0050871),0.05510560253571103,0.11155524415765891,0,0,18.60272988505747,53.92008491001039,CD320
GO_Biological_Process_2023,Positive Regulation Of Phosphatidylinositol 3-Kinase Signaling (GO:0014068),0.06164801989077718,0.1157096671868829,0,0,16.531928480204343,46.063146556155374,FGR
GO_Biological_Process_2023,Regulation Of T Cell Activation (GO:0050863),0.05838230381457602,0.1157096671868829,0,0,17.506423258958755,49.73123973336345,TNFSF9
GO_Biological_Process_2023,Regulation Of Neurogenesis (GO:0050767),0.059472094659985944,0.1157096671868829,0,0,17.169098143236074,48.455454162864584,ASCL2
GO_Biological_Process_2023,Peptidyl-Tyrosine Phosphorylation (GO:0018108),0.06273415690855097,0.1157096671868829,0,0,16.230721003134796,44.940419066109634,FGR
GO_Biological_Process_2023,Negative Regulation Of Autophagy (GO:0010507),0.06273415690855097,0.1157096671868829,0,0,16.230721003134796,44.940419066109634,LZTS1
GO_Biological_Process_2023,Positive Regulation Of T Cell Proliferation (GO:0042102),0.06273415690855097,0.1157096671868829,0,0,16.230721003134796,44.940419066109634,TNFSF9
GO_Biological_Process_2023,Regulation Of G Protein-Coupled Receptor Signaling Pathway (GO:0008277),0.06273415690855097,0.1157096671868829,0,0,16.230721003134796,44.940419066109634,RGS3
GO_Biological_Process_2023,Negative Regulation Of Viral Process (GO:0048525),0.06164801989077718,0.1157096671868829,0,0,16.531928480204343,46.063146556155374,APOBEC3G
GO_Biological_Process_2023,Positive Regulation Of T Cell Differentiation (GO:0045582),0.06490278630385816,0.11839409369714786,0,0,15.660012099213551,42.828014666468945,TNFSF9
Reactome_2022,Pyroptosis R-HSA-5620971,0.02624202777898897,0.12027596065369944,0,0,40.62852664576803,147.90380561571288,GZMB
GO_Biological_Process_2023,Regulation Of Endocytosis (GO:0030100),0.06706656493443895,0.12101141064257463,0,0,15.127995324371712,40.87689697547318,FGR
GO_Biological_Process_2023,Regulation Of T Cell Proliferation (GO:0042129),0.06814663848087504,0.12163808589059416,0,0,14.87528735632184,39.95641189534027,TNFSF9
GO_Biological_Process_2023,Regulation Of Immune Response (GO:0050776),0.06922550326393428,0.12224929299801161,0,0,14.630864895421142,39.070055906446896,FGR
GO_Biological_Process_2023,Regulation Of Viral Genome Replication (GO:0045069),0.07030316058533814,0.12284552270701192,0,0,14.39432703003337,38.21605333946289,APOBEC3G
GO_Biological_Process_2023,Positive Regulation Of Lymphocyte Proliferation (GO:0050671),0.07352890081126827,0.12714372431948473,0,0,13.728381962864722,35.8321304628987,CD320
GO_Biological_Process_2023,Negative Regulation Of Protein Serine/Threonine Kinase Activity (GO:0071901),0.07674382076979372,0.1305656233542437,0,0,13.121196754563895,33.68581758544925,CD300A
GO_Biological_Process_2023,Positive Regulation Of Protein Localization To Membrane (GO:1905477),0.07888110676073212,0.1305656233542437,0,0,12.745320197044334,32.37073678060779,GZMB
GO_Biological_Process_2023,Epigenetic Regulation Of Gene Expression (GO:0040029),0.0799479554591489,0.1305656233542437,0,0,12.56532297231666,31.744773272101504,ZFP57
GO_Biological_Process_2023,Proteolysis Involved In Protein Catabolic Process (GO:0051603),0.0799479554591489,0.1305656233542437,0,0,12.56532297231666,31.744773272101504,GZMB
GO_Biological_Process_2023,Regulation Of Phosphatidylinositol 3-Kinase Signaling (GO:0014066),0.0799479554591489,0.1305656233542437,0,0,12.56532297231666,31.744773272101504,FGR
GO_Biological_Process_2023,Regulation Of Kinase Activity (GO:0043549),0.08101360967160905,0.1305656233542437,0,0,12.390325670498084,31.138599734316514,FGR
GO_Biological_Process_2023,Regulation Of Innate Immune Response (GO:0045088),0.08101360967160905,0.1305656233542437,0,0,12.390325670498084,31.138599734316514,FGR
Reactome_2022,Cytokine Signaling In Immune System R-HSA-1280215,0.0336742719741393,0.13394759628731626,0,0,4.583604777415852,15.543100863084051,EDARADD;TNFSF9;PTPN7
Reactome_2022,Signaling By NOTCH2 R-HSA-1980145,0.03409575178222596,0.13394759628731626,0,0,30.81331747919144,104.10533469741627,GZMB
GO_Biological_Process_2023,Integrin-Mediated Signaling Pathway (GO:0007229),0.08526430756133604,0.136094952453671,0,0,11.73638838475499,28.894980530825727,FGR
GO_Biological_Process_2023,Regulation Of Defense Response (GO:0031347),0.08738252313763453,0.13814760800806983,0,0,11.434571175950486,27.87130963460249,FGR
Reactome_2022,FCGR3A-mediated IL10 Synthesis R-HSA-9664323,0.03855606677447106,0.1413722448397272,0,0,27.074190177638453,88.14386570858133,FGR
Reactome_2022,Immune System R-HSA-168256,0.04161672553919372,0.1430574940409784,0,0,2.8958233890214795,9.206555591680512,EDARADD;FGR;CD300A;TNFSF9;PTPN7
GO_Biological_Process_2023,Negative Regulation Of Inflammatory Response (GO:0050728),0.09370875950502225,0.14355436950145428,0,0,10.61535303776683,25.13252355451448,FGR
GO_Biological_Process_2023,MAPK Cascade (GO:0000165),0.09475900248870389,0.14355436950145428,0,0,10.490060851926978,24.71897268616391,PTPN7
GO_Biological_Process_2023,Negative Regulation Of Macromolecule Biosynthetic Process (GO:0010558),0.09580806894165445,0.14355436950145428,0,0,10.367682437850842,24.316449173497748,GZMB
GO_Biological_Process_2023,Protein Catabolic Process (GO:0030163),0.09685596014555951,0.14355436950145428,0,0,10.24811732065002,23.92454092626232,GZMB
GO_Biological_Process_2023,Regulation Of Macroautophagy (GO:0016241),0.09685596014555951,0.14355436950145428,0,0,10.24811732065002,23.92454092626232,LZTS1
GO_Biological_Process_2023,Negative Regulation Of MAPK Cascade (GO:0043409),0.09685596014555951,0.14355436950145428,0,0,10.24811732065002,23.92454092626232,CD300A
GO_Biological_Process_2023,Negative Regulation Of Amide Metabolic Process (GO:0034249),0.09685596014555951,0.14355436950145428,0,0,10.24811732065002,23.92454092626232,GZMB
Reactome_2022,Negative Regulation Of MAPK Pathway R-HSA-5675221,0.04520923049268501,0.14626515747633384,0,0,22.903625110521663,70.92002155483252,PTPN7
GO_Biological_Process_2023,Neuron Projection Guidance (GO:0097485),0.10103579780098129,0.14842426933595482,0,0,9.796134899583176,22.455487940497054,PALLD
GO_Biological_Process_2023,Cytoskeleton Organization (GO:0007010),0.10519693281389104,0.15219576931563714,0,0,9.382214156079854,21.12800634990635,PALLD
GO_Biological_Process_2023,Protein Maturation (GO:0051604),0.10623430376232669,0.15219576931563714,0,0,9.28412356321839,20.81600967661798,GZMB
GO_Biological_Process_2023,Regulation Of MAP Kinase Activity (GO:0043405),0.1072705121080093,0.15219576931563714,0,0,9.188055456807678,20.511428640293598,CD300A
GO_Biological_Process_2023,Enzyme-Linked Receptor Protein Signaling Pathway (GO:0007167),0.1072705121080093,0.15219576931563714,0,0,9.188055456807678,20.511428640293598,FGR
GO_Biological_Process_2023,Regulation Of Response To External Stimulus (GO:0032101),0.10933944601429708,0.15252393309557408,0,0,9.001741553465692,19.923537046347597,FGR
GO_Biological_Process_2023,Negative Regulation Of Translation (GO:0017148),0.10933944601429708,0.15252393309557408,0,0,9.001741553465692,19.923537046347597,GZMB
Reactome_2022,Vif-mediated Degradation Of APOBEC3G R-HSA-180585,0.059472094659985944,0.15412004972694296,0,0,17.169098143236074,48.455454162864584,APOBEC3G
Reactome_2022,FCGR3A-mediated Phagocytosis R-HSA-9664422,0.06164801989077718,0.15412004972694296,0,0,16.531928480204343,46.063146556155374,FGR
Reactome_2022,RHOD GTPase Cycle R-HSA-9013405,0.057291292393177734,0.15412004972694296,0,0,17.857241379310345,51.06468587793595,EFHD2
Reactome_2022,Intrinsic Pathway For Apoptosis R-HSA-109606,0.059472094659985944,0.15412004972694296,0,0,17.169098143236074,48.455454162864584,GZMB
Reactome_2022,Regulated Necrosis R-HSA-5218859,0.06056066625028749,0.15412004972694296,0,0,16.844502277163304,47.233831695159836,GZMB
KEGG_2021_Human,Autoimmune thyroid disease,0.0396680308697354,0.1586721234789416,0,0,26.276876267748477,84.80098954225555,GZMB
KEGG_2021_Human,Graft-versus-host disease,0.03855606677447106,0.1586721234789416,0,0,27.074190177638453,88.14386570858133,GZMB
KEGG_2021_Human,Allograft rejection,0.03744285815918223,0.1586721234789416,0,0,27.92133620689655,91.71989435110197,GZMB
KEGG_2021_Human,Type I diabetes mellitus,0.0396680308697354,0.1586721234789416,0,0,26.276876267748477,84.80098954225555,GZMB
GO_Biological_Process_2023,Regulation Of Protein Kinase Activity (GO:0045859),0.1155184757945152,0.15980055818241268,0,0,8.485385878489327,18.314218764045147,FGR
GO_Biological_Process_2023,Regulation Of Anatomical Structure Morphogenesis (GO:0022603),0.11756892842585998,0.16129291007184096,0,0,8.326135997421849,17.824013214333835,LZTS1
GO_Biological_Process_2023,Neuron Differentiation (GO:0030182),0.12063599418811613,0.16414405766579734,0,0,8.098119122257053,17.12734038332089,ASCL2
GO_Biological_Process_2023,Protein Dephosphorylation (GO:0006470),0.12165605757392343,0.16418622404285602,0,0,8.024852438645542,16.90481241606994,PTPN7
GO_Biological_Process_2023,Axon Guidance (GO:0007411),0.1226749770653736,0.16422617897461303,0,0,7.952894088669951,16.68689665319734,PALLD
GO_Biological_Process_2023,Cell-Cell Adhesion Via Plasma-Membrane Adhesion Molecules (GO:0098742),0.12369275394130018,0.16426397723404665,0,0,7.8822093378089715,16.473459498008165,PALLD
GO_Biological_Process_2023,Defense Response To Bacterium (GO:0042742),0.1257248847277846,0.16563754654612892,0,0,7.744527736131934,16.059511296439325,FGR
GO_Biological_Process_2023,Generation Of Neurons (GO:0048699),0.1267392411154961,0.16565916555253818,0,0,7.677467300832342,15.858757052369457,ASCL2
GO_Biological_Process_2023,Negative Regulation Of Cellular Biosynthetic Process (GO:0031327),0.12876454203812557,0.1669915154556941,0,0,7.546756282875512,15.469113101108654,GZMB
GO_Biological_Process_2023,Positive Regulation Of Intracellular Protein Transport (GO:0090316),0.13078530204792307,0.16829736542600954,0,0,7.420402298850575,15.094569117857983,GZMB
GO_Biological_Process_2023,Dephosphorylation (GO:0016311),0.13280153097218106,0.16957733954909274,0,0,7.298191068400226,14.734314398162402,PTPN7
GO_Biological_Process_2023,Negative Regulation Of Protein Metabolic Process (GO:0051248),0.13682043475221825,0.1733220387480682,0,0,7.065407772304324,14.053703034910283,GZMB
GO_Biological_Process_2023,Defense Response To Symbiont (GO:0140546),0.13782234406472893,0.1733220387480682,0,0,7.009503122454521,13.891361686264329,APOBEC3G
GO_Biological_Process_2023,Nitrogen Compound Transport (GO:0071705),0.1457972491103998,0.18184319392211618,0,0,6.592081736909323,12.693306040065979,CD320
GO_Biological_Process_2023,Regulation Of Cytokine Production (GO:0001817),0.14678908425038292,0.18184319392211618,0,0,6.543356997971602,12.555122012382755,FGR
Reactome_2022,Platelet Homeostasis R-HSA-418346,0.07781306229254123,0.186074714177816,0,0,12.930534732633683,33.01742175255546,FGR
GO_Biological_Process_2023,Axonogenesis (GO:0007409),0.15468378798917864,0.1902037689348419,0,0,6.177921455938697,11.530301621161312,PALLD
GO_Biological_Process_2023,Protein Autophosphorylation (GO:0046777),0.15664640311745717,0.19120075674630804,0,0,6.092820028341993,11.294651786418784,FGR
Reactome_2022,Neutrophil Degranulation R-HSA-6798695,0.08470578978315652,0.19411743491973366,0,0,4.3511762700306855,10.741188962850098,FGR;CD300A
GO_Biological_Process_2023,Organic Substance Transport (GO:0071702),0.16250785580804347,0.1954804642328639,0,0,5.850952813067151,10.631350558351022,CD320
GO_Biological_Process_2023,Negative Regulation Of Transcription By RNA Polymerase II (GO:0000122),0.16176427720953684,0.1954804642328639,0,0,2.9077859439595772,5.296866731787267,ZFP57;ASCL2
Reactome_2022,Fcgamma Receptor (FCGR) Dependent Phagocytosis R-HSA-2029480,0.08949599681793455,0.196891192999456,0,0,11.147844827586207,26.906007779459227,FGR
GO_Biological_Process_2023,Protein Modification Process (GO:0036211),0.16872076057721402,0.20149385795552177,0,0,2.8285267158506597,5.03339224053341,FGR;PTPN7
GO_Biological_Process_2023,Regulation Of Programmed Cell Death (GO:0043067),0.17026189812426176,0.20188196491876753,0,0,5.556681034482758,9.837645068654822,TNFSF9
GO_Biological_Process_2023,Defense Response To Virus (GO:0051607),0.17315173422684615,0.20385239632380467,0,0,5.453776179394965,9.563670967841052,APOBEC3G
GO_Biological_Process_2023,Regulation Of Signal Transduction (GO:0009966),0.17890224680435698,0.20913924626424832,0,0,5.25892674964293,9.0501697640143,RGS3
GO_Biological_Process_2023,Positive Regulation Of Cell Motility (GO:2000147),0.1836647910052295,0.21320528186621046,0,0,5.106817281014665,8.654232008749132,FGR
GO_Biological_Process_2023,Regulation Of Translation (GO:0006417),0.19685828863092708,0.22693386050509648,0,0,4.723954512105649,7.677707011487667,GZMB
Reactome_2022,Metabolism Of Water-Soluble Vitamins And Cofactors R-HSA-196849,0.1155184757945152,0.23495761475641025,0,0,8.485385878489327,18.314218764045147,CD320
Reactome_2022,Immunoregulatory Interactions Between A Lymphoid And A non-Lymphoid Cell R-HSA-198933,0.11756892842585998,0.23495761475641025,0,0,8.326135997421849,17.824013214333835,CD300A
Reactome_2022,Anti-inflammatory Response Favoring Leishmania Infection R-HSA-9662851,0.1196147856941725,0.23495761475641025,0,0,8.172730148687124,17.354619363332688,FGR
KEGG_2021_Human,Human immunodeficiency virus 1 infection,0.19310989961126648,0.2461133270044708,0,0,4.8273988005997,7.938637168862306,APOBEC3G
KEGG_2021_Human,NF-kappa B signaling pathway,0.10311869808458995,0.2461133270044708,0,0,9.584723767148684,21.775289953933495,EDARADD
KEGG_2021_Human,Natural killer cell mediated cytotoxicity,0.11346341782817383,0.2461133270044708,0,0,8.650820220957483,18.82656207991768,GZMB
KEGG_2021_Human,Apoptosis,0.14281505180206253,0.2461133270044708,0,0,6.742685475444096,13.122647038502443,GZMB
KEGG_2021_Human,Spliceosome,0.15074530393616406,0.2461133270044708,0,0,6.355418719211823,12.025491932717367,U2AF1L5
KEGG_2021_Human,Transcriptional misregulation in cancer,0.15664640311745717,0.2461133270044708,0,0,6.092820028341993,11.294651786418784,GZMB
KEGG_2021_Human,Axon guidance,0.16542379517194974,0.2461133270044708,0,0,5.7370411568409345,10.322340564323756,RGS3
KEGG_2021_Human,Chemokine signaling pathway,0.16929645160677798,0.2461133270044708,0,0,5.591845586640642,9.931699030121479,FGR
KEGG_2021_Human,Shigellosis,0.21534916112891198,0.2461133270044708,0,0,4.2664124668435015,6.551053145817204,U2AF1L5
KEGG_2021_Human,Cytokine-cytokine receptor interaction,0.20892466238543236,0.2461133270044708,0,0,4.4161948876308115,6.914796516252091,TNFSF9
GO_Biological_Process_2023,Apoptotic Process (GO:0006915),0.219907179098831,0.2517558050372824,0,0,4.165452485025093,6.30878495671386,GZMB
GO_Biological_Process_2023,Regulation Of Protein Phosphorylation (GO:0001932),0.22353515493262438,0.2541564090329839,0,0,4.088034323851899,6.124638181110676,FGR
Reactome_2022,Host Interactions Of HIV Factors R-HSA-162909,0.1348132386114681,0.2556802801251981,0,0,7.179922135706341,14.387593780460254,APOBEC3G
GO_Biological_Process_2023,Positive Regulation Of Cell Migration (GO:0030335),0.2298449027619759,0.259552747336653,0,0,3.9592056650246303,5.821420161183989,FGR
GO_Biological_Process_2023,Transmembrane Receptor Protein Tyrosine Kinase Signaling Pathway (GO:0007169),0.2325338811924646,0.26081502890506164,0,0,3.906425641804648,5.698378630115447,FGR
GO_Biological_Process_2023,Proteolysis (GO:0006508),0.23877291733332823,0.26601546494854017,0,0,3.7885352195697024,5.426100454840488,GZMB
KEGG_2021_Human,MAPK signaling pathway,0.2528500114655031,0.26970667889653666,0,0,3.543862068965517,4.872664359367125,PTPN7
Reactome_2022,Interleukin-1 Family Signaling R-HSA-446652,0.14975791476095815,0.2745561770617566,0,0,6.401389233440834,12.154543003839786,PTPN7
Reactome_2022,Metabolism Of Vitamins And Cofactors R-HSA-196854,0.1634809281585907,0.2809828452725778,0,0,5.8124859139057925,10.526754594259105,CD320
Reactome_2022,G Alpha (Q) Signaling Events R-HSA-416476,0.15860461311580637,0.2809828452725778,0,0,6.010018639328984,11.066493032539135,RGS3
GO_Biological_Process_2023,Negative Regulation Of DNA-templated Transcription (GO:0045892),0.256087335251524,0.28340331767835325,0,0,2.121555367709214,2.8900606664711503,ZFP57;ASCL2
Reactome_2022,Apoptosis R-HSA-109581,0.17122625992985768,0.28475738809244006,0,0,5.5219533090597555,9.744974446706808,GZMB
Reactome_2022,Signaling By NOTCH R-HSA-157118,0.17603183991169022,0.28475738809244006,0,0,5.354590776900706,9.30140819012973,GZMB
Reactome_2022,Diseases Of Metabolism R-HSA-5668914,0.1912293689803271,0.2940162537454831,0,0,4.880826070481243,8.074261184399429,CD320
Reactome_2022,Programmed Cell Death R-HSA-5357801,0.19779275251968867,0.2940162537454831,0,0,4.69877759532932,7.6145359041176555,GZMB
Reactome_2022,Leishmania Infection R-HSA-9658195,0.1940485791531687,0.2940162537454831,0,0,4.801118359739049,7.87213808255018,FGR
GO_Biological_Process_2023,Positive Regulation Of Cytokine Production (GO:0001819),0.2700927957271781,0.2969232058987521,0,0,3.278799489144317,4.291914730645912,FGR
Reactome_2022,Signal Transduction R-HSA-162582,0.20934698983661842,0.3030022221319477,0,0,1.7949969951923077,2.8069483877957255,RGS3;EFHD2;GZMB;PTPN7
GO_Biological_Process_2023,Gene Expression (GO:0010467),0.2794117015671908,0.30514698986943206,0,0,3.1490980488403486,4.015317148816326,GZMB
Reactome_2022,Disease R-HSA-1643685,0.23723445585625158,0.3066239378028229,0,0,1.864595232655548,2.6826050230885845,FGR;APOBEC3G;CD320
Reactome_2022,RAF/MAP Kinase Cascade R-HSA-5673001,0.24054647500947207,0.3066239378028229,0,0,3.7561367621274107,5.351901284292661,PTPN7
Reactome_2022,MAPK1/MAPK3 Signaling R-HSA-5684996,0.2449629112195848,0.3066239378028229,0,0,3.6774932036056662,5.172940161346523,PTPN7
Reactome_2022,Infectious Disease R-HSA-5663205,0.2452991502422583,0.3066239378028229,0,0,2.1884146341463415,3.075328296378197,FGR;APOBEC3G
Reactome_2022,G Alpha (I) Signaling Events R-HSA-418594,0.22172321055726607,0.3066239378028229,0,0,4.126383319967923,6.215676311603973,RGS3
Reactome_2022,HIV Infection R-HSA-162906,0.2271468180550695,0.3066239378028229,0,0,4.01341863005149,5.94852331919344,APOBEC3G
GO_Biological_Process_2023,Negative Regulation Of Gene Expression (GO:0010629),0.29276144894457523,0.3176366047372515,0,0,2.9775920120747705,3.657665598081663,GZMB
GO_Biological_Process_2023,Positive Regulation Of Multicellular Organismal Process (GO:0051240),0.2985264928823818,0.32059028784485255,0,0,2.9082350272232307,3.5157554268517446,FGR
GO_Biological_Process_2023,Negative Regulation Of Cell Population Proliferation (GO:0008285),0.29934635310814545,0.32059028784485255,0,0,2.898586772187677,3.496142042337419,CD300A
Reactome_2022,Innate Immune System R-HSA-168249,0.26602854395631415,0.32514599816882844,0,0,2.0634463462804478,2.7323159209485066,FGR;CD300A
Reactome_2022,MAPK Family Signaling Cascades R-HSA-5683057,0.2734948887699655,0.3270047583119153,0,0,3.2304304052353388,4.1881636845195755,PTPN7
GO_Biological_Process_2023,Regulation Of Cell Migration (GO:0030334),0.3306082584460617,0.3518010955259374,0,0,2.566058540497193,2.8401677716935554,FGR
GO_Biological_Process_2023,Organelle Organization (GO:0006996),0.34840808335797147,0.368380521257473,0,0,2.4030818378276804,2.533763429698094,PALLD
GO_Biological_Process_2023,Positive Regulation Of Gene Expression (GO:0010628),0.3612695022007576,0.3795616288944669,0,0,2.2951688218390807,2.336782655547054,FGR
GO_Biological_Process_2023,Phosphorylation (GO:0016310),0.3687200402487767,0.3849529979955782,0,0,2.236040609137056,2.2309371179283812,FGR
GO_Biological_Process_2023,Negative Regulation Of Cellular Process (GO:0048523),0.39271549095718494,0.40744232186807944,0,0,2.060566906242429,1.925949804176391,APOBEC3G
GO_Biological_Process_2023,Protein Phosphorylation (GO:0006468),0.404730247710411,0.417299510061666,0,0,1.9803510406958682,1.791295816289535,FGR
KEGG_2021_Human,Herpes simplex virus 1 infection,0.4178866020001452,0.4178866020001452,0,0,1.8976688761450808,1.6558018127913208,ZFP57
GO_Biological_Process_2023,Positive Regulation Of Intracellular Signal Transduction (GO:1902533),0.41099764220592283,0.4211457321369333,0,0,1.94032123011342,1.7252711618551937,FGR
Reactome_2022,Signaling By Interleukins R-HSA-449147,0.37093877131797887,0.4340772855848689,0,0,2.218883001824025,2.2005068049641006,PTPN7
Reactome_2022,RHO GTPase Cycle R-HSA-9012999,0.3811935658063152,0.43678429415306946,0,0,2.142126017283329,2.0659691234093316,EFHD2
Reactome_2022,GPCR Downstream Signaling R-HSA-388396,0.39556340641886534,0.4439997418987264,0,0,2.0411232898631892,1.8930279260131078,RGS3
Reactome_2022,Signaling By GPCR R-HSA-372790,0.4274004344845417,0.4623744559391074,0,0,1.8409600231330876,1.5648784641465814,RGS3
Reactome_2022,Hemostasis R-HSA-109582,0.42874722277989963,0.4623744559391074,0,0,1.8331293643366209,1.5524548174947967,FGR
GO_Biological_Process_2023,Regulation Of Apoptotic Process (GO:0042981),0.5035981869260812,0.5128668652130642,0,0,1.4614807980625073,1.0025415952713799,TNFSF9
Reactome_2022,Signaling By Rho GTPases R-HSA-194315,0.492318630693266,0.5207216286178775,0,0,1.5105711393008159,1.0704347405645886,EFHD2
Reactome_2022,"Signaling By Rho GTPases, Miro GTPases And RHOBTB3 R-HSA-9716542",0.5018334524320256,0.5207705638445549,0,0,1.4690234714575485,1.0128725604119497,EFHD2
Reactome_2022,Adaptive Immune System R-HSA-1280218,0.5511615542190996,0.5613682496676016,0,0,1.2753067097490787,0.7597350368416097,CD300A
GO_Biological_Process_2023,Regulation Of Transcription By RNA Polymerase II (GO:0006357),0.5561638165827318,0.562946302150814,0,0,1.0947586082891305,0.6422865487340034,ZFP57;ASCL2
GO_Biological_Process_2023,Positive Regulation Of Transcription By RNA Polymerase II (GO:0045944),0.59090938920272,0.594490658228191,0,0,1.1410575920975123,0.6003019452121251,ASCL2
GO_Biological_Process_2023,Positive Regulation Of DNA-templated Transcription (GO:0045893),0.7042465292927891,0.7042465292927891,0,0,0.8323643410852714,0.2918492457396741,ASCL2
Reactome_2022,Metabolism R-HSA-1430728,0.8729131105568981,0.8729131105568981,0,0,0.48441875350028,0.06584183744651968,CD320
